ID,名刺画像ファイル名（表）,名刺画像ファイル名（裏）,回答日時,テスト回答,Q.01_社員CD（8桁）,Q.02_お客様の主な業界,Q.03_打ち合わせ種類（複数選択可）,Q.04_【打合せ内容】フリー入力,Q.05_【打合せ内容】イメージ図・ポンチ絵,Q.06_【打合せ内容】緊急度（複数選択可）,Q.07_【打合せ内容】営業フォロー担当者（例：支店名＋営業氏名）,Q.08_【案件情報】案件名（ライン名・装置名など）,Q.09_【案件情報】必要時期(見込時期),Q.10_【案件情報】案件種別,Q.11_【案件情報】開発要望（THKに対する新製品の開発要望があればチェックを入れてください。）,Q.12_カタログの請求：総合,Q.13_カタログ請求：要素部品,Q.14_カタログ請求：事業開発,Q.15_カタログ請求：IMT,Q.16_カタログの請求：フリー入力(上記カタログ以外の場合)
445,0008000091_00016_1.jpg,0008000091_00016_2.jpg,2025/4/9 10:12,通常回答,11006137,半導体/液晶,要素部品,テスト,手書きデータ,挨拶・売込み,なし,テスト,それ以降,開発（試作）,開発要望あり,会社案内 / 50-30,世界標準LMｶﾞｲﾄﾞ HSR / 440/高加減速対応 低摺動 ﾐﾆﾁｭｱLMｶﾞｲﾄﾞ (形番:AHR) / 442,ﾕｰﾃｨﾘﾃｨｽﾗｲﾄﾞ ATG / C-06-1,RMR紹介ﾘｰﾌﾚｯﾄ / L-85-1,テスト
448,0008000091_00017_1.jpg,,2025/4/9 10:18,通常回答,11014062,電気/電子部品,VTS･GLM,"善明新工場
2027年竣工
コンセプトとして無人化ラインを目指す
変化の激しい時代なので
いかに少量多品種に対応できるか
VTSのモジュール足し引きの考え方に興味を持って頂く
",手書きデータ,説明員判断でフォローが必要,,,6ヶ月以内,開発（試作）,,,,,,
450,0008000091_00018_1.jpg,,2025/4/9 10:24,通常回答,11022121,その他,要素部品,"CWG に興味あり。オーバル型でリニア駆動のものを展示会で見たそう。今回の展示会では展示,カタログがなかったので具体的な紹介できず。",手書きデータ,説明員判断でフォローが必要,,,それ以降,今回限り,,,,,,CWG
451,0008000091_00019_1.jpg,0008000091_00019_2.jpg,2025/4/9 10:24,通常回答,1101158,一般産業機械,要素部品,普段装置メーカから装置を買ってメンテナンスをお願いしているが、自分達で交換作業できるようにしたい。加工現場のため環境が悪いので防塵オプションの紹介。,手書きデータ,カタログ希望、情報収集,,,,今回限り,,,,,,
452,0008000091_00020_1.jpg,0008000091_00020_2.jpg,2025/4/9 10:24,通常回答,1101158,一般産業機械,要素部品,普段装置メーカから装置を買ってメンテナンスをお願いしているが、自分達で交換作業できるようにしたい。加工現場のため環境が悪いので防塵オプションの紹介。,手書きデータ,カタログ希望、情報収集,,,,今回限り,,,,,,
453,0008000091_00021_1.jpg,,2025/4/9 10:24,通常回答,11021074,工作機械,要素部品,"現場の方。
ユーザーから要望等上がってくるが、
仕様等は設計部署へ。
粉塵対策が1番ユーザーから上がってくる要望が多い。",手書きデータ,挨拶・売込み,,,,,,,,,,
454,0008000091_00022_1.jpg,,2025/4/9 10:25,通常回答,11021074,工作機械,要素部品,"現場の方。
ユーザーから要望等上がってくるが、
仕様等は設計部署へ。
粉塵対策が1番ユーザーから上がってくる要望が多い。",手書きデータ,挨拶・売込み,,,,,,,,,,
455,0008000091_00023_1.jpg,,2025/4/9 10:25,通常回答,11021074,工作機械,要素部品,"現場の方。
ユーザーから要望等上がってくるが、
仕様等は設計部署へ。
粉塵対策が1番ユーザーから上がってくる要望が多い。",手書きデータ,挨拶・売込み,,,,,,,,,,
456,0008000091_00024_1.jpg,,2025/4/9 10:25,通常回答,11021074,工作機械,要素部品,"現場の方。
ユーザーから要望等上がってくるが、
仕様等は設計部署へ。
粉塵対策が1番ユーザーから上がってくる要望が多い。",手書きデータ,挨拶・売込み,,,,,,,,,,
457,0008000091_00025_1.jpg,0008000091_00025_2.jpg,2025/4/9 10:25,通常回答,1101158,一般産業機械,要素部品,普段装置メーカから装置を買ってメンテナンスをお願いしているが、自分達で交換作業できるようにしたい。加工現場のため環境が悪いので防塵オプションの紹介。,手書きデータ,カタログ希望、情報収集,,,,今回限り,,,,,,
459,0008000091_00026_1.jpg,,2025/4/9 10:25,通常回答,11021074,工作機械,要素部品,"現場の方。
ユーザーから要望等上がってくるが、
仕様等は設計部署へ。
粉塵対策が1番ユーザーから上がってくる要望が多い。",手書きデータ,挨拶・売込み,,,,,,,,,,
460,0008000091_00027_1.jpg,,2025/4/9 10:26,通常回答,11012066,一般産業機械,要素部品,"派遣として設計を担当されています。
展示会の展示台？の様な設計で
引き出しの様な機構を選定予定。
",手書きデータ,説明員判断でフォローが必要,,,6ヶ月以内,今回限り,,,,,,
461,0008000091_00028_1.jpg,0008000091_00028_2.jpg,2025/4/9 10:26,通常回答,1101158,一般産業機械,要素部品,普段装置メーカから装置を買ってメンテナンスをお願いしているが、自分達で交換作業できるようにしたい。加工現場のため環境が悪いので防塵オプションの紹介。,手書きデータ,カタログ希望、情報収集,,,,今回限り,,,,,,
462,0008000091_00029_1.jpg,,2025/4/9 10:26,通常回答,11012066,一般産業機械,要素部品,"派遣として設計を担当されています。
展示会の展示台？の様な設計で
引き出しの様な機構を選定予定。
",手書きデータ,説明員判断でフォローが必要,,,6ヶ月以内,今回限り,,,,,,
463,0008000091_00030_1.jpg,,2025/4/9 10:26,通常回答,11021074,工作機械,要素部品,"現場の方。
ユーザーから要望等上がってくるが、
仕様等は設計部署へ。
粉塵対策が1番ユーザーから上がってくる要望が多い。",手書きデータ,挨拶・売込み,,,,,,,,,,
464,0008000091_00031_1.jpg,,2025/4/9 10:26,通常回答,11021074,工作機械,要素部品,"現場の方。
ユーザーから要望等上がってくるが、
仕様等は設計部署へ。
粉塵対策が1番ユーザーから上がってくる要望が多い。",手書きデータ,挨拶・売込み,,,,,,,,,,
465,0008000091_00032_1.jpg,0008000091_00032_2.jpg,2025/4/9 10:28,通常回答,11096201,工作機械,要素部品,,手書きデータ,カタログ希望、情報収集,,,,,,,,,,
466,0008000091_00033_1.jpg,,2025/4/9 10:30,通常回答,11024544,工作機械,アクチュエータ,現在ドアの自動開閉にアクチュエーターを使用。軽量化のニーズあり,手書きデータ,説明員判断でフォローが必要,,,,,,,,,,
468,0008000091_00034_1.jpg,,2025/4/9 10:33,通常回答,11021074,工作機械,要素部品,"現場の方。
ユーザーから要望等上がってくるが、
仕様等は設計部署へ。
粉塵対策が1番ユーザーから上がってくる要望が多い。",手書きデータ,挨拶・売込み,,,,,,,,,,
469,0008000091_00035_1.jpg,,2025/4/9 10:34,通常回答,11023080,工作機械,要素部品,"スーパーバイザーの服部様にセミナーの啓蒙を行いました。
製造現場に展開していただけるとのことですり",手書きデータ,挨拶・売込み,,,,,,,,,,
470,0008000091_00036_1.jpg,,2025/4/9 10:37,通常回答,11024061,輸送機器（自動車等）,要素部品,"ガイド、ボールネジ勉強目的で来展。
入社2年目とのことで選定の基準知りたいとのことでガイドとボールネジの役割、大まかな選定基準を説明。",手書きデータ,挨拶・売込み,豊田支店 岡和田,,,今回限り,,,,,,
471,0008000091_00037_1.jpg,,2025/4/9 10:37,通常回答,11012066,一般産業機械,要素部品,"派遣として設計を担当されています。
展示会の展示台？の様な設計で
引き出しの様な機構を選定予定。
",手書きデータ,説明員判断でフォローが必要,,,6ヶ月以内,今回限り,,,,,,
473,0008000091_00038_1.jpg,,2025/4/9 10:42,通常回答,11014062,輸送機器（自動車等）,要素部品,"電池開発
部品選定も行う
電池ラインで今後THKに求める事は高耐食
オーステナイト系SUS使いたい
提案希望",手書きデータ,カタログ希望、情報収集,,,それ以降,開発（試作）,,,,,,
475,0008000091_00039_1.jpg,,2025/4/9 10:45,通常回答,11020070,電気/電子部品,ﾕﾆｯﾄ(精密ｽﾃｰｼﾞ・ﾋﾟｴｿﾞｽﾃｰｼﾞ)/SIGNAS,"情報収集のため来場
生産技術の仕事をしているため、自動化に興味あり。
カスタムユニットに非常に興味を示されていたため、ユニット事業についてご説明。

部署への訪問で自動化案件が出てくる可能性はあると考える。",手書きデータ,説明員判断でフォローが必要,,,それ以降,,,,,,,
476,0008000091_00040_1.jpg,,2025/4/9 10:46,通常回答,11024544,輸送機器（自動車等）,アクチュエータ,コンテナ移載の自動化のニーズあり,手書きデータ,営業打合せ希望(THK要望),,,,開発（試作）,,,,,,KRカタログ
477,0008000091_00041_1.jpg,,2025/4/9 10:47,通常回答,11023080,工作機械,要素部品,木やセラミックの加工機にガイドを使用している。細かく軽い粉塵が侵入するため異物対策に苦労しているとのこと。Lacsやプロテクタをご紹介。,手書きデータ,説明員判断でフォローが必要,,,,,,,,,,
478,0008000091_00042_1.jpg,,2025/4/9 10:49,通常回答,11021074,輸送機器（自動車等）,要素部品,"社内設備設計の方。
樹脂系の仕事が多く、たまに高温環境がたまに
部署の中でもメーカー等は自由に設計
納期問題からIKOが多い",手書きデータ,説明員判断でフォローが必要,,,,,,,,,,
479,0008000091_00043_1.jpg,,2025/4/9 10:49,通常回答,11090010,一般産業機械,要素部品,電池仕様,手書きデータ,カタログ希望、情報収集,,,それ以降,,,,,,,
480,0008000091_00044_1.jpg,,2025/4/9 10:51,通常回答,11021074,輸送機器（自動車等）,要素部品,"三宅さんと来訪
最近稲沢工場へ。
今後社内設備設計していく予定",手書きデータ,挨拶・売込み,名古屋支店 西村,,,,,,,,,
481,0008000091_00045_1.jpg,,2025/4/9 10:51,通常回答,11090010,一般産業機械,要素部品,電池仕様,手書きデータ,カタログ希望、情報収集,,,それ以降,,,,,,,
482,0008000091_00046_1.jpg,,2025/4/9 10:52,通常回答,11090010,一般産業機械,要素部品,電池仕様,手書きデータ,カタログ希望、情報収集,,,それ以降,,,,,,,
484,0008000091_00047_1.jpg,,2025/4/9 10:53,通常回答,11090010,一般産業機械,要素部品,電池仕様,手書きデータ,カタログ希望、情報収集,,,それ以降,,,,,,,
485,0008000091_00048_1.jpg,,2025/4/9 11:00,通常回答,11017069,その他,要素部品,"松永製作所　挨拶
コンシューマー製品紹介
BB、ATGを紹介→車椅子に使えそうだがサイズが大きいとのこと",手書きデータ,営業打合せ希望(THK要望),小牧支店河邊,車椅子要素部品提案,1年以内,今回限り,開発要望あり,,,,,
486,0008000091_00049_1.jpg,,2025/4/9 11:01,通常回答,11020070,電気/電子部品,ﾕﾆｯﾄ(精密ｽﾃｰｼﾞ・ﾋﾟｴｿﾞｽﾃｰｼﾞ),"ロッキングステージに興味あり。
パンフレット配布済み、
カメラのフォーカスで最後の位置調整で使用したいとのこと

担当の営業の方には、引き続きのフォロー
をお願いしたい。",手書きデータ,説明員判断でフォローが必要,,,,,,,,,,
488,0008000091_00050_1.jpg,,2025/4/9 11:03,通常回答,11023080,一般産業機械,要素部品,組み付けセミナーの啓蒙を行いました,手書きデータ,挨拶・売込み,,,,,,,,,,
489,0008000091_00051_1.jpg,,2025/4/9 11:04,通常回答,11021074,一般産業機械,要素部品,"QZ、潤滑について紹介
ユーザーから無給油要望の話が多い",手書きデータ,挨拶・売込み,名古屋支店 藤岡,,,,,,,,,
490,0008000091_00052_1.jpg,,2025/4/9 11:04,通常回答,11021074,一般産業機械,要素部品,"QZ、潤滑について紹介
ユーザーから無給油要望の話が多い",手書きデータ,挨拶・売込み,名古屋支店 藤岡,,,,,,,,,
491,0008000091_00053_1.jpg,,2025/4/9 11:07,通常回答,11096201,その他,該当なし,,手書きデータ,挨拶・売込み,,,,,,,,,,
492,0008000091_00054_1.jpg,,2025/4/9 11:07,通常回答,11096201,その他,該当なし,,手書きデータ,挨拶・売込み,,,,,,,,,,
493,0008000091_00055_1.jpg,0008000091_00055_2.jpg,2025/4/9 11:09,通常回答,11019158,工作機械,アクチュエータ,木材の押し付けに電動プレスの検討。既に打合せ済だが、実際に製品の動いているところを見れるから訪問しにきた。,手書きデータ,営業打合せ希望(客先要望),名古屋支店西村,,3ヶ月以内,開発（試作）,,,,,PC/DSP紹介ﾘｰﾌﾚｯﾄ / L-53,
494,0008000091_00056_1.jpg,0008000091_00056_2.jpg,2025/4/9 11:09,通常回答,11096201,その他,要素部品,,手書きデータ,カタログ希望、情報収集,,,,,,,,,,
495,0008000091_00057_1.jpg,0008000091_00057_2.jpg,2025/4/9 11:09,通常回答,11096201,その他,要素部品,,手書きデータ,カタログ希望、情報収集,,,,,,,,,,
497,0008000091_00058_1.jpg,0008000091_00058_2.jpg,2025/4/9 11:12,通常回答,11019158,一般産業機械,要素部品,LMガイド使用。縦使用だが、ガタがありこじることが多い。軽く動かしたいためATG、ARGの見学。縦使用には向かないので、LMの予圧品やUGRの提案が必要。,手書きデータ,説明員判断でフォローが必要,,,,,,,,,,
498,0008000091_00059_1.jpg,0008000091_00059_2.jpg,2025/4/9 11:12,通常回答,11019158,一般産業機械,要素部品,LMガイド使用。縦使用だが、ガタがありこじることが多い。軽く動かしたいためATG、ARGの見学。縦使用には向かないので、LMの予圧品やUGRの提案が必要。,手書きデータ,説明員判断でフォローが必要,,,,,,,,,,
500,0008000091_00060_1.jpg,,2025/4/9 11:13,通常回答,11020070,その他,要素部品/ﾕﾆｯﾄ(精密ｽﾃｰｼﾞ・ﾋﾟｴｿﾞｽﾃｰｼﾞ),"情報収集のため来場
愛知県に工場新設の話があるとのこと。
thk製品も使用しているとのことで、現在は中国メインなので中国メーカーの製品を多く使用とのことだが、日本に工場をたてた場合は日本のメーカーの部品を使用していきたいとのこと",手書きデータ,カタログ希望、情報収集,,,,,,,,,,
503,0008000091_00061_1.jpg,,2025/4/9 11:14,通常回答,11092184,その他,要素部品,,手書きデータ,挨拶・売込み,,,,,,,,,,
504,0008000091_00062_1.jpg,,2025/4/9 11:15,通常回答,11092184,その他,要素部品,,手書きデータ,挨拶・売込み,,,,,,,,,,
506,0008000091_00063_1.jpg,,2025/4/9 11:15,通常回答,11092184,その他,要素部品,,手書きデータ,挨拶・売込み,,,,,,,,,,
507,0008000091_00064_1.jpg,,2025/4/9 11:16,通常回答,11092184,その他,要素部品,,手書きデータ,挨拶・売込み,,,,,,,,,,
510,0008000091_00065_1.jpg,,2025/4/9 11:18,通常回答,11092184,その他,要素部品,,手書きデータ,挨拶・売込み,,,,,,,,,,
511,0008000091_00066_1.jpg,,2025/4/9 11:19,通常回答,11090010,その他,要素部品,"防塵対策の強化
　ＱＺの後付け→回答済み
日本製鐵内の設備開発が今後も環境対策が求められる",手書きデータ,カタログ希望、情報収集,,,それ以降,,,,,,,
512,0008000091_00067_1.jpg,,2025/4/9 11:19,通常回答,11090010,その他,要素部品,"防塵対策の強化
　ＱＺの後付け→回答済み
日本製鐵内の設備開発が今後も環境対策が求められる",手書きデータ,カタログ希望、情報収集,,,それ以降,,,,,,,
513,0008000091_00068_1.jpg,0008000091_00068_2.jpg,2025/4/9 11:21,通常回答,11024061,半導体/液晶,アクチュエータ,アライメント後のウエハの移載装置の設計してた。開発機にSKR採用。昇降軸。今後量産フェーズに入るとのことで、クリーン環境理由でCSKR紹介。検討とのこと。,手書きデータ,営業打合せ希望(客先要望),,ウエハ移載装置の昇降軸,,開発（試作）,,,,,,
514,0008000091_00069_1.jpg,,2025/4/9 11:27,通常回答,11022121,その他,該当なし,ロボットの組み立てシステム(航空機部材への穴あけなど)を作る仕事をしている。THKでも装置を作ることができること(ユニット)を紹介し、川重での実績があることも伝えた。,手書きデータ,挨拶・売込み,小牧支店 山田,,,,,,,,,
517,0008000091_00070_1.jpg,,2025/4/9 11:28,通常回答,11023080,半導体/液晶,要素部品,"クリーン・真空環境向けにグリースレスのクロスローラーリングが欲しいとのこと（IKOの液晶潤滑に興味がある様子）

新入社員向けにクロスローラーリングの組み付けセミナーのご案内",手書きデータ,営業打合せ希望(客先要望)/営業打合せ希望(THK要望)/挨拶・売込み,,,,,開発要望あり,,,,,
522,0008000091_00071_1.jpg,,2025/4/9 11:41,通常回答,11087023,一般産業機械,要素部品,"社内設備プレス機への搬送案内を検討中
訪問後打ち合わせ希望します。
湿気のある環境下、ラジアル方向の荷重のみ",手書きデータ,営業打合せ希望(客先要望),,,3ヶ月以内,今回限り,,,,,,
524,0008000091_00072_1.jpg,0008000091_00072_2.jpg,2025/4/9 11:45,通常回答,11019158,一般産業機械,要素部品,100トンをボールネジ1本で常時押し付けをしたい。同期ができるなら2本でもよいが同期のやり方を教わりたい。あまり特殊にしたくなくて1〜3ヶ月でモノはほしい。,手書きデータ,大至急 営業訪問,,,3ヶ月以内,開発（試作）,,,,,,ボールネジHBNKPタイプ
525,0008000091_00073_1.jpg,0008000091_00073_2.jpg,2025/4/9 11:45,通常回答,11019158,一般産業機械,要素部品,100トンをボールネジ1本で常時押し付けをしたい。同期ができるなら2本でもよいが同期のやり方を教わりたい。あまり特殊にしたくなくて1〜3ヶ月でモノはほしい。,手書きデータ,大至急 営業訪問,,,3ヶ月以内,開発（試作）,,,,,,ボールネジHBNKPタイプ
526,0008000091_00074_1.jpg,0008000091_00074_2.jpg,2025/4/9 11:50,通常回答,11089205,その他,アクチュエータ/ﾕﾆｯﾄ(精密ｽﾃｰｼﾞ・ﾋﾟｴｿﾞｽﾃｰｼﾞ)/PRS･TNH,ロボット関係の市場調査に来場,手書きデータ,挨拶・売込み,,,,,,,,,,
527,0008000091_00075_1.jpg,,2025/4/9 11:51,通常回答,11014062,電気/電子部品,ﾕﾆｯﾄ(精密ｽﾃｰｼﾞ・ﾋﾟｴｿﾞｽﾃｰｼﾞ)/SIGNAS,"社内の物流を自動化させる部署
コンテナ移載機に興味あり
パッケージは魅力
人が乗せ下ろしするところを自動化したい
制御含めて相談したい
SIGNASは別部署になるが検討余地あり
現在はAGV使用しているが、テープのメンテが大変",手書きデータ,説明員判断でフォローが必要,,,1年以内,今回限り,,,,,,
529,0008000091_00076_1.jpg,,2025/4/9 11:55,通常回答,11093153,その他,SIGNAS,1パレット2トンになる。2トン牽引の対応できないか,手書きデータ,説明員判断でフォローが必要,,,,,開発要望あり,,,,,
532,0008000091_00077_1.jpg,,2025/4/9 11:57,通常回答,11090010,半導体/液晶,要素部品,クロスローラーリングをバネの様なものに押し当て、そのトルクの検出方法を相談頂きました。FAとの連携も試みましたが満足頂く回答を出来ていません。,手書きデータ,カタログ希望、情報収集,,,それ以降,,,,,,,
535,0008000091_00078_1.jpg,,2025/4/9 12:01,通常回答,11014062,輸送機器（自動車等）,アクチュエータ,"上郷工場
社内治具検討
過去にIAI選定
自分たちで制御したいので
KRバラ売りで良い
三菱、安川などまちまち
カメラで画像処理検査
駆動軸にIAI",手書きデータ,カタログ希望、情報収集,,,それ以降,,,,,,,
536,0008000091_00079_1.jpg,,2025/4/9 12:03,通常回答,11012066,一般産業機械,要素部品,"サーボプレスをよく使っています。
PC PFAEの概要を説明しました。
直近の案件はありませんが、訪問よろしくお願いします！
ヤスヰは大井さん、中野さんが担当です。
",手書きデータ,説明員判断でフォローが必要,名古屋　黒田さん,,6ヶ月以内,今回限り,,,,,,
537,0008000091_00080_1.jpg,,2025/4/9 12:06,通常回答,11087023,一般産業機械,要素部品,"防塵対策に苦労している
近日中に設備更新の予定もあり、相談希望
オプションカタログ持ち帰り

",手書きデータ,営業打合せ希望(客先要望),,,6ヶ月以内,今回限り,,,,,,
538,0008000091_00081_1.jpg,,2025/4/9 12:07,通常回答,11093153,その他,要素部品,フジマウンターの部品加工業。加工機の保守、改良,手書きデータ,カタログ希望、情報収集,,,,,,直動総合ｶﾀﾛｸﾞ / 515J,,,,
540,0008000091_00082_1.jpg,,2025/4/9 12:12,通常回答,11020519,一般産業機械,要素部品,HDR モーメントに強いもの,手書きデータ,カタログ希望、情報収集,,,3ヶ月以内,,,,,,,HDR
541,0008000091_00083_1.jpg,,2025/4/9 12:18,通常回答,11090010,一般産業機械,要素部品,"積層された真空パックの搬送装置を設計している。四メートル搬送を検討中。
現状は要素部品は一般環境だが、今後を考えると部品の真空仕様も情報が必要。→ブースないで特殊環境仕様を説明済み",手書きデータ,カタログ希望、情報収集,,,それ以降,,,,,,,
543,0008000091_00084_1.jpg,,2025/4/9 12:20,通常回答,11011067,輸送機器（自動車等）,アクチュエータ,"モーターのステータ生産ラインの自動化
現在、ベアリングの圧入管理はしていません。
品質向上のため、圧入管理も検討。
PC + PFAEに興味あり。カタログお渡し済み。",手書きデータ,説明員判断でフォローが必要,,,,,,,,,,
544,,,2025/4/9 12:22,通常回答,11009158,輸送機器（自動車等）,SIGNAS,"自動搬送を今後検討
自動車の試作車体組立、試作の為、人が作業するが、ワークの搬送が手動。
組立場まで自動搬送するロボットはメリットあり、
ただ試作車体組立現場は建屋が古く、今後立替も視野に検討中、その際の情報収集で来場。
すぐの話ではない。",手書きデータ,説明員判断でフォローが必要,"豊田支店
",自動牽引案件（詳細未定）,それ以降,今回限り,,,,,,
545,0008000091_00086_1.jpg,0008000091_00086_2.jpg,2025/4/9 12:23,通常回答,11024061,一般産業機械,要素部品/アクチュエータ,油圧・空圧を使ったクランプ機構をやっている。空圧周辺機器のスペース的な問題で、省スペース化を目的とした電動化の動きありとのこと。,手書きデータ,カタログ希望、情報収集,,,,,,会社案内 / 50-30/直動総合ｶﾀﾛｸﾞ / 515J,,,,
546,0008000091_00087_1.jpg,,2025/4/9 12:24,通常回答,11017069,その他,要素部品,"大津屋経由ユーザー。
密閉環境でボールネジを使用
80度まであがるとのこと。
冷却ボールねじとAFGグリス紹介。
また、ボールねじで異音トラブルあり。（使用十数時間でコツコツ音がなる）
近く大津屋経由て連絡が行くとのこと。
",手書きデータ,営業打合せ希望(THK要望),,,,今回限り,,,,,,
548,0008000091_00088_1.jpg,,2025/4/9 12:30,通常回答,1102454,一般産業機械,SIGNAS,"今年の初めからAMRのテストを開始したところ位置決め精度に懸念がある状況。
テストの結果次第では別工場への横展開の際にシグナスを検討する余地がある",手書きデータ,挨拶・売込み,,,,,,,,,,
552,0008000091_00089_1.jpg,,2025/4/9 12:42,通常回答,11014062,一般産業機械,要素部品/アクチュエータ,"樹脂成形機メーカー
ボールねじφ50〜60くらいを使う
PC紹介",手書きデータ,カタログ希望、情報収集,,,それ以降,,,,,,,
554,0008000091_00090_1.jpg,,2025/4/9 12:52,通常回答,11024061,輸送機器（自動車等）,要素部品,安価な案内部品で良いものあれば担当営業から紹介ほしいとのこと。急ぎの案件は特に無し。,手書きデータ,カタログ希望、情報収集,,,,,,,,,,
555,0008000091_00091_1.jpg,,2025/4/9 12:53,通常回答,11020070,一般産業機械,ﾕﾆｯﾄ(精密ｽﾃｰｼﾞ・ﾋﾟｴｿﾞｽﾃｰｼﾞ),"ユニット事業に興味あり
設計制作にて高精度案件の話も抱えてるとのことで、対応しきれていない仕事もあるとのこと

",手書きデータ,カタログ希望、情報収集,,,,,,,,,,
556,0008000091_00092_1.jpg,0008000091_00092_2.jpg,2025/4/9 12:55,通常回答,11096201,SIer,SIGNAS,,手書きデータ,カタログ希望、情報収集,,,,,,,,,,
557,0008000091_00093_1.jpg,,2025/4/9 12:57,通常回答,1108958,一般産業機械,アクチュエータ,"アルミベースのアクチュエータを使用してますが、TH以上のアルミベース　アクチュエータを希望あり。
LA,LVのカタログを希望。",手書きデータ,説明員判断でフォローが必要,,,,,,,,,,"アクチュエータ　LA , LVカタログを送って下さい。"
558,0008000091_00094_1.jpg,,2025/4/9 12:59,通常回答,11020519,一般産業機械,アクチュエータ/ﾕﾆｯﾄ(精密ｽﾃｰｼﾞ・ﾋﾟｴｿﾞｽﾃｰｼﾞ),ユニット事業を始めて知り興味,手書きデータ,カタログ希望、情報収集,,,,,,,,,,
559,0008000091_00095_1.jpg,0008000091_00095_2.jpg,2025/4/9 13:06,通常回答,11024061,物流（運輸/倉庫）,要素部品,物流。THKの中国工場で関わりあった。,手書きデータ,挨拶・売込み,,,,,,,,,,
560,0008000091_00096_1.jpg,,2025/4/9 13:08,通常回答,11024061,物流（運輸/倉庫）,アクチュエータ,生産設備の物件紹介をしている会社とのこと。,手書きデータ,挨拶・売込み,,,,,,,,,,
561,0008000091_00097_1.jpg,,2025/4/9 13:08,通常回答,11012066,FAロボット製造業,要素部品/アクチュエータ,"三菱電機の生産設備を担当。
PC PFAEのカタログ希望。
今は第一実業のプレスをよく使っています。",手書きデータ,営業打合せ希望(THK要望)/説明員判断でフォローが必要,,,3ヶ月以内,今回限り,,,,,PC/DSP紹介ﾘｰﾌﾚｯﾄ / L-53,
562,0008000091_00098_1.jpg,,2025/4/9 13:08,通常回答,11024061,物流（運輸/倉庫）,アクチュエータ,生産設備の物件紹介をしている会社とのこと。,手書きデータ,挨拶・売込み,,,,,,,,,,
563,0008000091_00099_1.jpg,,2025/4/9 13:10,通常回答,11090185,商社,該当なし,"住友商事系の機械設備商社。
コンテナ移載機にご興味をお持ち。
浜松が拠点のため、S社など自動車会社が主要顧客で、工場内物流の自動化などを手掛ける。
展示されている移載機の大まかな価格を知りたいとのこと。
担当者が不在だったため、明確な回答は出来なかったが、製品には好印象を持たれた様子。",手書きデータ,説明員判断でフォローが必要,,,,,,,,,,
566,0008000091_00100_1.jpg,,2025/4/9 13:17,通常回答,11092184,一般産業機械,要素部品,,手書きデータ,挨拶・売込み,,,,,,,,,,
567,0008000091_00101_1.jpg,,2025/4/9 13:18,通常回答,11020070,一般産業機械,アクチュエータ/ﾕﾆｯﾄ(精密ｽﾃｰｼﾞ・ﾋﾟｴｿﾞｽﾃｰｼﾞ),"工場自動化にて、コンテナ移載機を検討中。
ただし、ワーク種類が多くどのように自動化をしようか、お困りとのこと。

営業の方にフォローいただきたい。",手書きデータ,説明員判断でフォローが必要,,デパレタイザ装置,,,,,,,,
568,0008000091_00102_1.jpg,,2025/4/9 13:19,通常回答,11092184,一般産業機械,要素部品,,手書きデータ,挨拶・売込み,,,,,,,,,,
569,0008000091_00103_1.jpg,,2025/4/9 13:19,通常回答,11092184,一般産業機械,要素部品,,手書きデータ,挨拶・売込み,,,,,,,,,,
570,0008000091_00104_1.jpg,,2025/4/9 13:19,通常回答,11023080,工作機械,要素部品,"RWの埋栓起因のカタカタ音についてのご相談。品証にて調査中とのことですが、根本解決にむけて対策を検討したいとのこと。

特殊例としてRB取り付け穴付きの実績を説明

RBは組み付けが難しいとの話も頂いたので、組み付けセミナーの案内も。",手書きデータ,説明員判断でフォローが必要/挨拶・売込み,,,,,,,,,,
571,0008000091_00105_1.jpg,,2025/4/9 13:19,通常回答,11017069,FAロボット製造業,要素部品,"客先挨拶
ATG、AWGの紹介",手書きデータ,挨拶・売込み,小牧支店河邊,,,,,,,,,
572,0008000091_00106_1.jpg,,2025/4/9 13:20,通常回答,11092184,一般産業機械,要素部品,,手書きデータ,挨拶・売込み,,,,,,,,,,
573,0008000091_00107_1.jpg,,2025/4/9 13:21,通常回答,11099084,工作機械,該当なし,装置の振動特性,手書きデータ,説明員判断でフォローが必要,,,3ヶ月以内,開発（試作）,,,,,,
574,0008000091_00108_1.jpg,,2025/4/9 13:24,通常回答,11092184,一般産業機械,要素部品,,手書きデータ,挨拶・売込み,,,,,,,,,,
577,0008000091_00109_1.jpg,,2025/4/9 13:27,通常回答,11092184,一般産業機械,要素部品,,手書きデータ,挨拶・売込み,,,,,,,,,,
582,0008000091_00110_1.jpg,0008000091_00110_2.jpg,2025/4/9 13:32,通常回答,11019132,半導体/液晶,要素部品,村中部長宛に挨拶。退職されたことを伝え、統括部長に後日共有,手書きデータ,挨拶・売込み,統括部長,,,,,,,,,
584,0008000091_00111_1.jpg,,2025/4/9 13:35,通常回答,11093153,SIer,アクチュエータ,"アルミ鋳造設備のsier。
シグナス、コンテナ移載等メカモジュール等興味あり",手書きデータ,説明員判断でフォローが必要,,,,,,,,,,
587,0008000091_00112_1.jpg,,2025/4/9 13:38,通常回答,11017069,その他,要素部品/OMNIedge,"情報収集で来場
保全で役にたつものをお探し
ダイナス、オムニエッジ紹介、カタログ渡し
保全に展開頂けるとのこと


",手書きデータ,カタログ希望、情報収集,,,,,,,,,,
588,0008000091_00113_1.jpg,,2025/4/9 13:44,通常回答,11093153,一般産業機械,SIGNAS,,手書きデータ,説明員判断でフォローが必要,名古屋　坪山,,,,,,,,,
589,0008000091_00114_1.jpg,,2025/4/9 13:44,通常回答,11093153,一般産業機械,SIGNAS,,手書きデータ,説明員判断でフォローが必要,名古屋　坪山,,,,,,,,,
590,0008000091_00115_1.jpg,,2025/4/9 13:45,通常回答,11093153,一般産業機械,SIGNAS,,手書きデータ,説明員判断でフォローが必要,名古屋　坪山,,,,,,,,,
592,0008000091_00116_1.jpg,,2025/4/9 13:47,通常回答,11023109,輸送機器（自動車等）,PPR,情報酬週程度でした,手書きデータ,カタログ希望、情報収集,,,,,,,,,,
593,0008000091_00117_1.jpg,,2025/4/9 13:47,通常回答,11093153,一般産業機械,SIGNAS,同社　林氏と同席,手書きデータ,説明員判断でフォローが必要,,,,,,,,,,
595,0008000091_00118_1.jpg,,2025/4/9 13:54,通常回答,11087023,輸送機器（自動車等）,SIGNAS,"バンパー搬送に検討してみたい
(パネル展示そのもの)
パンフレット持ち帰り",手書きデータ,営業打合せ希望(客先要望),,,6ヶ月以内,今回限り,,,,,,
597,0008000091_00119_1.jpg,0008000091_00119_2.jpg,2025/4/9 13:57,通常回答,11024061,商社,要素部品/アクチュエータ,新入社員とのことで機械要素部品の勉強で来展。ガイド、ボールネジ、アクチュエータの紹介。,手書きデータ,挨拶・売込み,,,,,,,,,,
598,0008000091_00120_1.jpg,,2025/4/9 13:59,通常回答,11019158,工作機械,要素部品,ニップルに注入するMG70のグラスガンだが、都度手動で入れないといけないので手間。電動ガンのご所望,手書きデータ,営業打合せ希望(客先要望),,,3ヶ月以内,,,,,,,
599,0008000091_00121_1.jpg,,2025/4/9 13:59,通常回答,9911022121,その他,要素部品/アクチュエータ,"60kgのリフター昇降の案件がある。客先からIAIロボシリンダーの指定があったが、ごつくなってしまうので、LMガイドを使って設計する予定。
個人で設計をやっている。デンソー,堀内電気など。
THKのガイド,アクチュエーターをよく使うそう。
総合カタログ,電動アクチュエーター総合カタログの送付の要望があったので送付をお願いします。
",手書きデータ,説明員判断でフォローが必要/カタログ希望、情報収集,,,6ヶ月以内,今回限り,,直動総合ｶﾀﾛｸﾞ / 515J/電動ｱｸﾁｭｴｰﾀ総合ｶﾀﾛｸﾞ / 612J,,,,
601,0008000091_00122_1.jpg,,2025/4/9 14:01,通常回答,11017069,その他,要素部品/ﾕﾆｯﾄ(精密ｽﾃｰｼﾞ・ﾋﾟｴｿﾞｽﾃｰｼﾞ),"挨拶、売り込み
中空シャフトの鉄材やSUS材の加工メーカー
今後環境開発にステージを使う機会があるかもとのことでステージを紹介。",手書きデータ,挨拶・売込み,,,,,,,,,,
605,0008000091_00123_1.jpg,0008000091_00123_2.jpg,2025/4/9 14:09,通常回答,11089205,その他,該当なし,挨拶のみ,手書きデータ,挨拶・売込み,,,,,,,,,,
606,0008000091_00124_1.jpg,0008000091_00124_2.jpg,2025/4/9 14:11,通常回答,11089205,輸送機器（自動車等）,アクチュエータ/ﾕﾆｯﾄ(精密ｽﾃｰｼﾞ・ﾋﾟｴｿﾞｽﾃｰｼﾞ)/PRS･TNH,ロボット興味ある,手書きデータ,カタログ希望、情報収集,,,,,,,,,,
607,0008000091_00125_1.jpg,,2025/4/9 14:13,通常回答,11090010,工作機械,要素部品/新製品(RT),"ロータリー研削盤φ５０　薄膜のワーク
平面度１μm以下を目標　ワークを回転するクロスローラーリングの負荷荷重の検討をサポートして欲しい。→プーリーテンション作用

そのワーク計測にクロスローラーテーブルを使いたい。→真直１μm以下",手書きデータ,営業打合せ希望(客先要望),,"平面研削盤　電池部品
現在は試作評価段階
一年以内に量産化",1年以内,開発（試作）,,,,,,
608,0008000091_00126_1.jpg,,2025/4/9 14:13,通常回答,11021074,電気/電子部品,要素部品,,手書きデータ,挨拶・売込み,,,,,,,,,,
609,,,2025/4/9 14:14,通常回答,11009158,輸送機器（自動車等）,アクチュエータ/ﾕﾆｯﾄ(精密ｽﾃｰｼﾞ・ﾋﾟｴｿﾞｽﾃｰｼﾞ),"自社設備向け　ステアリングサポート材
溶接組立工程搬送

1200L φ40ステアリングサポート材自動搬送
ストローク2〜3m
現状:手動ハンドリング
荷重2kg以下
これから予算取りで来年めど検討中。
毎日500本ハンドリングしている。
タクトは未定、要検討。",手書きデータ,営業打合せ希望(THK要望),浜松支店　村上,"自動搬送装置（丸棒φ4）
アクチュエータ組み合わせ3軸ユニット",1年以内,今回限り,,,,,,
610,0008000091_00128_1.jpg,,2025/4/9 14:15,通常回答,11023109,輸送機器（自動車等）,要素部品,"保全関係のお客様でした。

お困り事
過負荷でリテーナ入りボールネジが止まった。
給油についてヒアリングを行った。今は月に一回給油しているが、メンテナンスしやすいガイドとかないですかとのこと。
（給脂を側面側からできないか等）",手書きデータ,カタログ希望、情報収集,,,,,,,,,,
611,0008000091_00129_1.jpg,0008000091_00129_2.jpg,2025/4/9 14:15,通常回答,11024061,工作機械,要素部品,インド工場の調達担当。THKからはSRGよく使っているとのこと。,手書きデータ,挨拶・売込み,,,,,,,,,,
612,0008000091_00130_1.jpg,0008000091_00130_2.jpg,2025/4/9 14:16,通常回答,11024061,工作機械,要素部品,インド工場の調達担当。THKからはSRGよく使っているとのこと。,手書きデータ,挨拶・売込み,,,,,,,,,,
614,0008000091_00131_1.jpg,0008000091_00131_2.jpg,2025/4/9 14:16,通常回答,11024061,工作機械,要素部品,インド工場の調達担当。THKからはSRGよく使っているとのこと。,手書きデータ,挨拶・売込み,,,,,,,,,,
616,0008000091_00132_1.jpg,0008000091_00132_2.jpg,2025/4/9 14:18,通常回答,11024061,工作機械,要素部品,インド工場の調達担当。THKからはSRGよく使っているとのこと。,手書きデータ,挨拶・売込み,,,,,,,,,,
618,0008000091_00133_1.jpg,0008000091_00133_2.jpg,2025/4/9 14:22,通常回答,11011067,商社,該当なし,情報収集のため来場。新入社員見学。,手書きデータ,挨拶・売込み,,,,,,,,,,
619,0008000091_00134_1.jpg,,2025/4/9 14:23,通常回答,11024544,輸送機器（自動車等）,アクチュエータ,"エアシリンダーの置き換えを検討中
KRほかアクチュエーターをご紹介",手書きデータ,挨拶・売込み,,,,,,,,,,
620,0008000091_00135_1.jpg,,2025/4/9 14:28,通常回答,11024544,輸送機器（自動車等）,SIGNAS,"社内で運用中のAMRが回避動作をギリギリで行うという点が困りごと。
SIGNASをご紹介し、試走が可能である旨をお伝えした。",手書きデータ,挨拶・売込み,,,,,,,,,,
621,0008000091_00136_1.jpg,0008000091_00136_2.jpg,2025/4/9 14:28,通常回答,11096201,一般産業機械,アクチュエータ,,手書きデータ,カタログ希望、情報収集,,,,,,,,,,
622,0008000091_00137_1.jpg,0008000091_00137_2.jpg,2025/4/9 14:28,通常回答,11096201,一般産業機械,アクチュエータ,,手書きデータ,カタログ希望、情報収集,,,,,,,,,,
623,0008000091_00138_1.jpg,0008000091_00138_2.jpg,2025/4/9 14:29,通常回答,11096201,一般産業機械,アクチュエータ,,手書きデータ,カタログ希望、情報収集,,,,,,,,,,
624,0008000091_00139_1.jpg,0008000091_00139_2.jpg,2025/4/9 14:29,通常回答,11096201,一般産業機械,アクチュエータ,,手書きデータ,カタログ希望、情報収集,,,,,,,,,,
626,0008000091_00140_1.jpg,0008000091_00140_2.jpg,2025/4/9 14:29,通常回答,11096201,一般産業機械,アクチュエータ,,手書きデータ,カタログ希望、情報収集,,,,,,,,,,
627,0008000091_00141_1.jpg,0008000091_00141_2.jpg,2025/4/9 14:30,通常回答,11096201,一般産業機械,アクチュエータ,,手書きデータ,カタログ希望、情報収集,,,,,,,,,,
629,0008000091_00142_1.jpg,,2025/4/9 14:35,通常回答,11093153,一般産業機械,要素部品,プリンタ、インクトナー用射出成形機試作製作耐久評価中。射出軸他社高推力ねじ使用？評価後来年ベトナム工場へ3台納入予定。外販案でているが現状未定,手書きデータ,説明員判断でフォローが必要,,,,開発（試作）,,,,,,
631,0008000091_00143_1.jpg,,2025/4/9 14:40,通常回答,11023080,電気/電子部品,要素部品,"減速機用にクロスローラーリングを採用いただいているとのこと。
ねじり剛性がボールベアリング比較でどう違うかを聞かれた。

クロスローラーリングのセミナーに興味がある様子で、チラシを展開。",手書きデータ,挨拶・売込み,,,,,,,,,,
632,0008000091_00144_1.jpg,,2025/4/9 14:41,通常回答,11020519,食品/薬品/化粧品,アクチュエータ,多軸搬送の情報収集,手書きデータ,営業打合せ希望(THK要望),,化粧品ボトルの搬送　100gほど,,,,,,,,
635,0008000091_00145_1.jpg,,2025/4/9 14:46,通常回答,11090010,一般産業機械,要素部品,フィルムに熱をかけ、シート状にする工程に切断する装置がある。熱１５０°の影響でLMガイドが早期破損する。→対策案のサポートが必要,手書きデータ,説明員判断でフォローが必要,,,1年以内,,,,,,,
636,0008000091_00146_1.jpg,,2025/4/9 14:47,通常回答,11023109,その他,要素部品/アクチュエータ/該当なし,"電気化学測定を行うための試験機を試作で2台欲しいとのこと。
1軸のアクチュエータのような形状で、可動部分の先端にピックを用意して、通電させる機械で、ピックは8個必要で、同時に下に下ろす必要がある。

ガイドとネジとモーターでの形状を検討したが、ブッシュでもいいかもしれません。
3ヶ月以内〜6ヶ月で20万円いないで作りたい。",手書きデータ,説明員判断でフォローが必要/カタログ希望、情報収集,名古屋支店　坪山さん　,,3ヶ月以内,,,直動総合ｶﾀﾛｸﾞ / 515J,,,,
639,0008000091_00147_1.jpg,,2025/4/9 14:50,通常回答,11017069,一般産業機械,アクチュエータ,"基本的にIAIを使っている
SKRの特徴を紹介。
補助ガイドがいらず、寿命計算できるところにメリットを感じて頂く。
左右ネジのカタログのみ持ち帰りいただく

",手書きデータ,説明員判断でフォローが必要,,,,,,,,,,
641,0008000091_00148_1.jpg,,2025/4/9 14:50,通常回答,11017069,一般産業機械,アクチュエータ,"基本的にIAIを使っている
SKRの特徴を紹介。
補助ガイドがいらず、寿命計算できるところにメリットを感じて頂く。
左右ネジのカタログのみ持ち帰りいただく

",手書きデータ,説明員判断でフォローが必要,,,,,,,,,,
645,,,2025/4/9 14:52,通常回答,11009158,半導体/液晶,SIGNAS,社内設備　自動搬送ロボット,手書きデータ,営業打合せ希望(THK要望),FA 公荘さん（連絡済）,"自動搬送用に搬送ロボット検討中
屋外用について予算取り中、西川様4月に生産技術に異動されており引き継ぎ中の為、金額までは把握出来ていない。

屋内用はこれから予算とり、早ければ25年下期予算にて。
一宮の他社メーカーでデモ済
社内試走も提案、実際のルートを走らせたいので、休日希望。
道幅が狭いので、牽引でなく積載予定。
工場見学も提案中、調達と設計交えて対応へ。
",1年以内,今回限り,,,,,,
648,0008000091_00150_1.jpg,,2025/4/9 15:02,通常回答,11020070,一般産業機械,ﾕﾆｯﾄ(精密ｽﾃｰｼﾞ・ﾋﾟｴｿﾞｽﾃｰｼﾞ)/SIGNAS,"工場自動化の案を探している。
シグナス、ユニット事業についてご紹介済み
社内にて検討するとのこと
具体化した際には話をいただけるとのこと",手書きデータ,カタログ希望、情報収集,,,,,,,,,,
649,0008000091_00151_1.jpg,,2025/4/9 15:03,通常回答,11014062,食品/薬品/化粧品,アクチュエータ/ﾕﾆｯﾄ(精密ｽﾃｰｼﾞ・ﾋﾟｴｿﾞｽﾃｰｼﾞ)/SIGNAS,"省人化の必要性を感じている
オリコンユニットとSIGNASに興味を持って頂く",手書きデータ,カタログ希望、情報収集,,,それ以降,,,,,,,
653,,,2025/4/9 15:04,通常回答,11093171,工作機械,SIGNAS,"加工機等を製作しているメーカー
案件によっては搬送もどうかと
依頼されることがある

愛知県豊田地区の顧客
状況によっては同行等依頼しますとの事",手書きデータ,カタログ希望、情報収集,福山支店,具体的にはない,1年以内,今回限り,,,,,,
655,0008000091_00153_1.jpg,,2025/4/9 15:10,通常回答,11017069,その他,要素部品,"水がかかる工程でSHSAPC仕様を使用
1、2年で錆びるとのことで、SUS +APCを提案。
",手書きデータ,説明員判断でフォローが必要,,,,今回限り,,,,,,
656,0008000091_00154_1.jpg,0008000091_00154_2.jpg,2025/4/9 15:12,通常回答,11096201,輸送機器（自動車等）,VTS･GLM,"二次電池の搬送を考えている。
リニア搬送に興味あり。",手書きデータ,説明員判断でフォローが必要/カタログ希望、情報収集,,,,,,,,,,
657,0008000091_00155_1.jpg,,2025/4/9 15:12,通常回答,11022121,一般産業機械,アクチュエータ,THKアクチュエータをよく使うことがあるそうだが、高剛性という点をあまりよく知らないそうで、くるくるKRを紹介。カタログにある、オーバーハングしたときの可搬質量のページを案内した。,手書きデータ,挨拶・売込み,,,,,,,,,,
661,0008000091_00156_1.jpg,,2025/4/9 15:19,通常回答,11023109,輸送機器（自動車等）,要素部品/該当なし,"スルードライブに興味あり
AWGのカタログが欲しいとのことで配布した。",手書きデータ,カタログ希望、情報収集,,,,,,,,,,
664,0008000091_00157_1.jpg,,2025/4/9 15:22,通常回答,11023109,輸送機器（自動車等）,アクチュエータ,"xyz方向に動くアクチュエータが欲しいとのこと。
重さが20g程度の板を搬送したいようです。
別途営業に相談したいと伝えました。",手書きデータ,カタログ希望、情報収集,,,,,,,,,,
669,0008000091_00158_1.jpg,,2025/4/9 15:29,通常回答,11093153,工作機械,要素部品,アルミ鋳造金型のカス取り。ファナック先端にZ軸で矢崎さん相談実績あり。ファナック案メーカーから難の回答の為新構想必要。XYZで,手書きデータ,説明員判断でフォローが必要,,,,開発（試作）,,,,,,
670,0008000091_00159_1.jpg,,2025/4/9 15:35,通常回答,11012066,電気/電子部品,要素部品,ランクルのドライブシャフト組立　ナットランナー昇降軸にLMガイドの選定希望,手書きデータ,営業打合せ希望(客先要望),,ランクル製造　ナットランナー昇降（手動）,6ヶ月以内,今回限り,,,,,,
673,0008000091_00160_1.jpg,,2025/4/9 15:35,通常回答,11012066,電気/電子部品,要素部品,ランクルのドライブシャフト組立　ナットランナー昇降軸にLMガイドの選定希望,手書きデータ,営業打合せ希望(客先要望),,ランクル製造　ナットランナー昇降（手動）,6ヶ月以内,今回限り,,,,,,
678,0008000091_00161_1.jpg,0008000091_00161_2.jpg,2025/4/9 15:41,通常回答,11009158,医療,要素部品,"医療向け洗浄、殺菌製造

社内にて扉開閉用に台形ねじを内製。
φ40で全長300L程度を内製。
THK相当DCM
量産数20本/月
作業工数費用こみでコストあえば検討したい。
高山様は実際設計担当ではないので、担当者に、引き継ぎ頂く。",手書きデータ,営業打合せ希望(THK要望),,,1年以内,今回限り,,,,,,台形ねじのカタログはWEBでDL頂くとのこと。
679,0008000091_00162_1.jpg,0008000091_00162_2.jpg,2025/4/9 15:47,通常回答,11093153,一般産業機械,要素部品,面会者　生産部門いたが春から営業兼任、THK工場を客先として紹介して欲しい,手書きデータ,説明員判断でフォローが必要,長岡支店　荒川支店長,,,,,,,,,
681,0008000091_00163_1.jpg,,2025/4/9 15:55,通常回答,11089205,流通(小売・卸売),該当なし,リズムと取り引きあり。挨拶,手書きデータ,挨拶・売込み,,,,,,,,,,
682,0008000091_00164_1.jpg,,2025/4/9 15:57,通常回答,11089205,商社,該当なし,リズムと取り引きあり。挨拶のみ。,手書きデータ,挨拶・売込み,,,,,,,,,,
684,0008000091_00165_1.jpg,,2025/4/9 15:58,通常回答,11089205,一般産業機械,該当なし,挨拶のみ。,手書きデータ,挨拶・売込み,,,,,,,,,,
685,0008000091_00166_1.jpg,,2025/4/9 16:00,通常回答,1189205,一般産業機械,該当なし,挨拶のみ。,手書きデータ,挨拶・売込み,,,,,,,,,,
686,0008000091_00167_1.jpg,,2025/4/9 16:01,通常回答,1189205,一般産業機械,該当なし,挨拶のみ。,手書きデータ,挨拶・売込み,,,,,,,,,,
687,0008000091_00168_1.jpg,,2025/4/9 16:02,通常回答,1189205,一般産業機械,該当なし,挨拶のみ,手書きデータ,挨拶・売込み,,,,,,,,,,
688,0008000091_00169_1.jpg,,2025/4/9 16:04,通常回答,11089205,一般産業機械,PRS･TNH,TNHの吸着無しタイプガイド欲しい時があった。,手書きデータ,カタログ希望、情報収集,,,,,,,,,,
689,0008000091_00170_1.jpg,,2025/4/9 16:06,通常回答,1189205,一般産業機械,該当なし,入社2年目、勉強の為に来場,手書きデータ,挨拶・売込み,,,,,,,,,,
690,0008000091_00171_1.jpg,,2025/4/9 16:08,通常回答,1189205,一般産業機械,該当なし,入社、2年目勉強の為に来場,手書きデータ,挨拶・売込み,,,,,,,,,,
691,0008000091_00172_1.jpg,,2025/4/9 16:08,通常回答,11024061,その他,要素部品/アクチュエータ,物流や印刷業界の方との繋がりがあり、THKのブースを見てきて良い製品あれば教えて欲しいとの依頼があったとのことで来展。おおまかなラインナップをガイド、アクチュエータを中心に紹介。依頼があれば連絡を入れるとのこと。,手書きデータ,カタログ希望、情報収集/挨拶・売込み,,,,,,,,,,
692,0008000091_00173_1.jpg,,2025/4/9 16:09,通常回答,11089205,一般産業機械,該当なし,入社して2年目、勉強の為に来場,手書きデータ,挨拶・売込み,,,,,,,,,,
693,0008000091_00174_1.jpg,,2025/4/9 16:10,通常回答,1189205,商社,該当なし,検査機の売り込み,手書きデータ,挨拶・売込み,,,,,,,,,,
694,0008000091_00175_1.jpg,,2025/4/9 16:12,通常回答,11089205,輸送機器（自動車等）,ﾕﾆｯﾄ(精密ｽﾃｰｼﾞ・ﾋﾟｴｿﾞｽﾃｰｼﾞ)/PRS･TNH,"TNHに興味あり。
ロケーターの使用実績あり",手書きデータ,説明員判断でフォローが必要,,,,,,,,,,
696,0008000091_00176_1.jpg,,2025/4/9 16:13,通常回答,1189205,輸送機器（自動車等）,ﾕﾆｯﾄ(精密ｽﾃｰｼﾞ・ﾋﾟｴｿﾞｽﾃｰｼﾞ)/PRS･TNH,"TNHに興味あり
ロケーターの使用実績あり
",手書きデータ,説明員判断でフォローが必要,,,,,,,,,,
697,0008000091_00177_1.jpg,,2025/4/9 16:15,通常回答,11020519,商社,アクチュエータ/VTS･GLM,,手書きデータ,カタログ希望、情報収集/挨拶・売込み,,,,,,,,,,
698,0008000091_00178_1.jpg,,2025/4/9 16:15,通常回答,1189205,半導体/液晶,該当なし,転職の為、勉強中,手書きデータ,挨拶・売込み,,,,,,,,,,
699,0008000091_00179_1.jpg,,2025/4/9 16:18,通常回答,11089205,一般産業機械,アクチュエータ/ﾕﾆｯﾄ(精密ｽﾃｰｼﾞ・ﾋﾟｴｿﾞｽﾃｰｼﾞ)/PRS･TNH,ワークの搬送装置を検討する可能性あり,手書きデータ,挨拶・売込み,,,,,,,,,,
700,0008000091_00180_1.jpg,,2025/4/9 16:18,通常回答,11023109,その他,該当なし,"工場や施設について、市に作りませんかという逆営業でした。
開発部門の仕事ではないと判断し、フォローアップさせていただきます。",手書きデータ,挨拶・売込み,,,,,,,,,,
701,0008000091_00181_1.jpg,,2025/4/9 16:20,通常回答,11089205,一般産業機械,アクチュエータ/ﾕﾆｯﾄ(精密ｽﾃｰｼﾞ・ﾋﾟｴｿﾞｽﾃｰｼﾞ)/PRS･TNH,"検査機を検討する可能性あり
部品搬送部",手書きデータ,挨拶・売込み,,,,,,,,,,
704,0008000091_00182_1.jpg,,2025/4/9 16:23,通常回答,"11089205
",輸送機器（自動車等）,アクチュエータ/ﾕﾆｯﾄ(精密ｽﾃｰｼﾞ・ﾋﾟｴｿﾞｽﾃｰｼﾞ)/PRS･TNH,"ロボット興味あり。
TNH.MRの話しをした
",手書きデータ,説明員判断でフォローが必要,,,,,,,,,,
705,0008000091_00183_1.jpg,,2025/4/9 16:23,通常回答,11012066,一般産業機械,要素部品,"自動車整備リフトアタッチメントの電動化

自動車のリフトの四隅には高さ調整用の台形ねじがついている。
ここの電動化について。
各1tで４tの昇降。
昇降ユニットやスルードライブを紹介したが、従来のリフトにはアーム部と干渉してしまい使えない。
とはいえモーターをつける以上は設計変更は避けられないか。

",手書きデータ,説明員判断でフォローが必要,名古屋　芹澤,自動車整備リフトアタッチメントの電動化,6ヶ月以内,開発（試作）,開発要望あり,,,,,
706,0008000091_00184_1.jpg,,2025/4/9 16:24,通常回答,11089205,一般産業機械,アクチュエータ/ﾕﾆｯﾄ(精密ｽﾃｰｼﾞ・ﾋﾟｴｿﾞｽﾃｰｼﾞ),"ピエゾを使用した事あり
継続フォローでユニットチャンスあり",手書きデータ,説明員判断でフォローが必要,,,,,,,,,,
707,0008000091_00185_1.jpg,0008000091_00185_2.jpg,2025/4/9 16:25,通常回答,11009158,FAロボット製造業,要素部品/アクチュエータ,"アクチュエータ紹介、KR興味あり、総合カタログ希望有
くるくるKRで剛性面を差別化
SHSニップル説明、15番手でグラースガンHノズルで対応したい。
他のサイズと同じノズルのままグリース封入できれば、効率良し。→LD継ぎ手紹介。
",手書きデータ,営業打合せ希望(THK要望),豊田支店,現状設計案件なし。,それ以降,今回限り,,電動ｱｸﾁｭｴｰﾀ総合ｶﾀﾛｸﾞ / 612J/ﾕﾆｯﾄｿﾘｭｰｼｮﾝ総合ｶﾀﾛｸﾞ / 427-4,,,,"ユニットカタログは営業判断で提供希望。
過去ユニット検討の実績アリの為。"
708,0008000091_00186_1.jpg,,2025/4/9 16:25,通常回答,11024544,その他,SIGNAS,今後工場の改修があった際に運搬を自動化したいというニーズがあるため情報収集,手書きデータ,挨拶・売込み,,,,,,,,,,
712,0008000091_00187_1.jpg,0008000091_00187_2.jpg,2025/4/9 16:28,通常回答,11096201,輸送機器（自動車等）,アクチュエータ,,手書きデータ,カタログ希望、情報収集,,,,,,,,,,豊田支店　石澤さん　担当
728,0008000091_00188_1.jpg,,2025/4/9 16:37,通常回答,11092184,一般産業機械,要素部品,,手書きデータ,挨拶・売込み,,,,,,,,,,
731,0008000091_00189_1.jpg,,2025/4/9 16:51,通常回答,11023109,一般産業機械,要素部品,"CWGの検討の余地あり。
岩山さん的にはHCRの方がいいとのこと。
お客さん的にはCWGがいいとのこと。


溝研削の、360Rは可能か安藤CPに確認したい",手書きデータ,説明員判断でフォローが必要,AE部　岩山さん,,,,,,,,,
732,0008000091_00190_1.jpg,,2025/4/9 16:52,通常回答,11022121,その他,要素部品,"SPS紹介。ダイナスのチラシ送る。
川重edge佐藤さんの隣の席。",手書きデータ,カタログ希望、情報収集,,,,,,,,,,
733,0008000091_00191_1.jpg,,2025/4/9 17:00,通常回答,11093153,工作機械,要素部品,設計者4名で周辺装置改造行っている。購入先不明,手書きデータ,挨拶・売込み,,,,,,,,,,
735,0008000091_00192_1.jpg,,2025/4/10 10:11,通常回答,11023080,FAロボット製造業,要素部品,"シリンダの案内としてリニアブッシュを使用しているそうで、従来のとめわを使った組み立てが手間と感じていたとのこと。
圧入タイプリニアブッシュを紹介し、検討したいとのことでした。",手書きデータ,説明員判断でフォローが必要,,,,,,,,,,
736,0008000091_00193_1.jpg,0008000091_00193_2.jpg,2025/4/10 10:23,通常回答,11011067,一般産業機械,アクチュエータ,"メッキの会社で機械加工も行っている。
本日は情報収集のため来場した。特に案件なし。
KR -RLに興味あり。後日カタログ発送。",手書きデータ,カタログ希望、情報収集,,,,,,,,,LMｶﾞｲﾄﾞｱｸﾁｭｴｰﾀ KR-RL 左右ねじ仕様 / L-68,
737,0008000091_00194_1.jpg,,2025/4/10 10:26,通常回答,11024521,半導体/液晶,要素部品/アクチュエータ,,手書きデータ,カタログ希望、情報収集,,,,,,電動ｱｸﾁｭｴｰﾀ総合ｶﾀﾛｸﾞ / 612J,,,PC/DSP紹介ﾘｰﾌﾚｯﾄ / L-53,新東工業のサーボシリンダーを使用していて、特に困り事や不満点はなし。
738,0008000091_00195_1.jpg,,2025/4/10 10:27,通常回答,11023080,一般産業機械,要素部品,"LMガイドを普段から数多く使用していただいているようで、今回は新人教育のために来場いただいたとのこと。
セミナーの案内を渡しました。",手書きデータ,挨拶・売込み,,,,,,,,,,
739,0008000091_00196_1.jpg,,2025/4/10 10:27,通常回答,11020103,一般産業機械,アクチュエータ,"ロボット走行軸にてアクチュエーター検討中
GL20 MRT紹介。
選定ご案内OK",手書きデータ,営業打合せ希望(THK要望),豊田支店　谷口英斗,,3ヶ月以内,今回限り,,,,,,MRT
740,0008000091_00197_1.jpg,,2025/4/10 10:29,通常回答,11021074,一般産業機械,アクチュエータ/ﾕﾆｯﾄ(精密ｽﾃｰｼﾞ・ﾋﾟｴｿﾞｽﾃｰｼﾞ),"パレタイジング検討
15kg過般
サイズ感500角程度
打合せ希望",手書きデータ,営業打合せ希望(客先要望),,,,今回限り,,,,,,
743,0008000091_00198_1.jpg,,2025/4/10 10:34,通常回答,11089121,輸送機器（自動車等）,要素部品/OMNIedge/VTS･GLM,"豊橋東TPM(保全)
無人工場善明を皮切りに各工場展開
テーマ　突発故障防ぐ→edge紹介
カーボンニュートラルエアー減らす

巻線機CR CR故障少ない",手書きデータ,説明員判断でフォローが必要,豊田支店　渡邉泰司担当ユーザー,,,,,,,,,
746,0008000091_00199_1.jpg,,2025/4/10 10:39,通常回答,11020070,一般産業機械,ﾕﾆｯﾄ(精密ｽﾃｰｼﾞ・ﾋﾟｴｿﾞｽﾃｰｼﾞ),"情報収集にて来場
設計から対応できるユニットに非常に興味を示された。
ステージの需要が考えられるため担当営業にフォローいただきたい。",手書きデータ,説明員判断でフォローが必要,,,,,,,,,,
747,0008000091_00200_1.jpg,,2025/4/10 10:43,通常回答,11086712,輸送機器（自動車等）,要素部品,新人1年目　勉強のため来場,手書きデータ,カタログ希望、情報収集,,,,,,直動総合ｶﾀﾛｸﾞ / 515J,,,,
748,0008000091_00201_1.jpg,0008000091_00201_2.jpg,2025/4/10 10:43,通常回答,11011090,一般産業機械,SIGNAS,"プレス部品の製造メーカー。
省人化に取り組もうとしているが搬送系はあまり見ておらずSIGNASに興味持っていただく。
サインポストでの簡単なルート設定が出来ることがメリットに感じていただける。
動画をとられ、上司にも話をしてみるとのこと。概算価格を知りたいとの要望あり。
リーフレットは配布済み。",手書きデータ,営業打合せ希望(THK要望),,,それ以降,開発（試作）,,,,,,
750,,,2025/4/10 10:46,通常回答,11024521,輸送機器（自動車等）,アクチュエータ,,手書きデータ,カタログ希望、情報収集,,,,,,,,,PC/DSP紹介ﾘｰﾌﾚｯﾄ / L-53,
751,0008000091_00203_1.jpg,0008000091_00203_2.jpg,2025/4/10 10:48,通常回答,11021059,医療,該当なし,"介護用機器の開発を検討中
ATGを使用できそう
5月に仕様図が出来上がるのでそれを持って打ち合わせをしたいとのこと",手書きデータ,営業打合せ希望(客先要望),,,1年以内,開発（試作）,,,,ﾕｰﾃｨﾘﾃｨｽﾗｲﾄﾞ ATG / C-06-1/Advanced Wheel Guide (AWG) / C-10-1,,
752,,,2025/4/10 10:48,通常回答,11004079,輸送機器（自動車等）,要素部品/アクチュエータ,昔は設備関係の設計をしていたが、今はモビリティ関係の部署になったのでロボットを使う事が多い。ミニチュアの直動用途もあるとの事だったのでEPFや AHRを紹介。,手書きデータ,カタログ希望、情報収集,,,,,,,,,,
754,0008000091_00205_1.jpg,,2025/4/10 10:49,通常回答,11023080,一般産業機械,要素部品,"LMガイド、ボールねじを普段から使用いただいているとのこと。
新入社員の教育として来場頂いたとのことで、セミナーのご案内",手書きデータ,挨拶・売込み,,,,,,,,,,
755,0008000091_00206_1.jpg,,2025/4/10 10:51,通常回答,11090010,一般産業機械,要素部品,"ベンダー機の製造メーカー
過去に小ストロークなよる潤滑不良がボールねじを破損させるトラブルを経験している、
HBNが三箇所給脂出来る構造と紹介させて頂きました。
最近は油圧を使う事が多くなっているが、今後の使用を検討して頂ける。",手書きデータ,カタログ希望、情報収集,,,,,,,,,,
756,0008000091_00207_1.jpg,,2025/4/10 10:53,通常回答,11089121,一般産業機械,アクチュエータ,"制御設計担当。
物流展でAMR(Oasis?)見て、近々インテックスと打合せ予定との事",手書きデータ,説明員判断でフォローが必要,,,,,,,,,,
757,0008000091_00208_1.jpg,,2025/4/10 10:53,通常回答,11090010,一般産業機械,要素部品,"ベンダー機の製造メーカー
過去に小ストロークなよる潤滑不良がボールねじを破損させるトラブルを経験している、
HBNが三箇所給脂出来る構造と紹介させて頂きました。
最近は油圧を使う事が多くなっているが、今後の使用を検討して頂ける。",手書きデータ,カタログ希望、情報収集,,,,,,,,,,
760,0008000091_00209_1.jpg,,2025/4/10 10:56,通常回答,11090160,一般産業機械,要素部品,"5軸加工機を検討。200角のワークを加工
軽金属を加工
",手書きデータ,説明員判断でフォローが必要,以前に金沢支店で打ち合わせ実績あり,,,,,,,,,
761,0008000091_00210_1.jpg,,2025/4/10 10:58,通常回答,11090010,一般産業機械,要素部品,"リーク部の案内にLMガイドを使用する。
ユーザーがその部位の変位を気にしているので、変位解析を依頼したい。",手書きデータ,説明員判断でフォローが必要,,リークテスター,3ヶ月以内,開発（試作）,,,,,,
763,0008000091_00211_1.jpg,0008000091_00211_2.jpg,2025/4/10 11:04,通常回答,11086712,一般産業機械,要素部品,"連絡して訪問希望
ガイド挿入時ボールが脱落する",手書きデータ,営業打合せ希望(THK要望),,,,,,,,,,
764,0008000091_00212_1.jpg,,2025/4/10 11:05,通常回答,11021074,輸送機器（自動車等）,要素部品/アクチュエータ,"工程改善の方で現場からの要望でたまに設計ふるが、年に数回あるかないか
アクチュエータは基本IAI",手書きデータ,挨拶・売込み,,,,,,,,,,
765,0008000091_00213_1.jpg,,2025/4/10 11:08,通常回答,11090185,一般産業機械,要素部品,"同社主力製品であるポンプの社内加工設備の設計・開発をご担当。
現在もTHK製LMガイドをご使用中だが、レール取付穴はキャップ等無しの状態でご使用されており、清掃・防塵に課題をお持ちとのこと。
→各種Cキャップ類やプレートカバーをご紹介。
現状の設備に対するCキャップの追加装着や、メンテナンス時にプレートカバータイプのLMガイドへの変更をご検討いただけるとのこと。",手書きデータ,カタログ希望、情報収集,,,,,,,,,,
766,0008000091_00214_1.jpg,,2025/4/10 11:09,通常回答,11019158,一般産業機械,要素部品,普段シンヨウ工機に設備をお願いする。今日は剛性を上げる改善として見に来ていた。番手を大きく変えずに変更したい。,手書きデータ,説明員判断でフォローが必要,,,,,,,世界標準LMｶﾞｲﾄﾞ HSR / 440,,,
769,0008000091_00215_1.jpg,,2025/4/10 11:16,通常回答,11090010,一般産業機械,要素部品,"レーザー加工機の開閉扉に使用するLMガイドについて、担当の當林さんと商談中。
１００kgはHSRの使用を検討
300kg扉は3700ミリストローク。3ミリのたわみが発生
AWGにも興味がある。→対荷重が心配と伝えています。",手書きデータ,カタログ希望、情報収集,,,1年以内,,,,,,,
770,0008000091_00216_1.jpg,,2025/4/10 11:17,通常回答,11022121,その他,SIGNAS,"まだ先だがAGVの導入検討している。
サインポストシステムと試走に関心を示していた。",手書きデータ,営業打合せ希望(THK要望),,,それ以降,,,,,,,
771,0008000091_00217_1.jpg,,2025/4/10 11:17,通常回答,11022121,その他,SIGNAS,"まだ先だがAGVの導入検討している。
サインポストシステムと試走に関心を示していた。",手書きデータ,営業打合せ希望(THK要望),,,それ以降,,,,,,,
772,0008000091_00218_1.jpg,,2025/4/10 11:17,通常回答,11022121,その他,SIGNAS,"まだ先だがAGVの導入検討している。
サインポストシステムと試走に関心を示していた。",手書きデータ,営業打合せ希望(THK要望),,,それ以降,,,,,,,
773,0008000091_00219_1.jpg,,2025/4/10 11:17,通常回答,11004079,一般産業機械,OMNIedge,ちょうどDX関係の取り組みに着手し始めたところ。OMNIedge紹介したら興味ありにて資料欲しいとの要望,手書きデータ,説明員判断でフォローが必要/カタログ希望、情報収集,,,1年以内,,,,,,,
774,0008000091_00220_1.jpg,0008000091_00220_2.jpg,2025/4/10 11:18,通常回答,11093153,医療,要素部品,"地域中小企業団体のコーディネーター。リハビリ機器構想でＲＡ単品カタログ希望。φ50程度、薄型希望。
他軽量、安価品情報欲しい",手書きデータ,説明員判断でフォローが必要/カタログ希望、情報収集,,,,,,,,,,ＲＡクロスローラーリング単品カタログ
775,0008000091_00221_1.jpg,,2025/4/10 11:18,通常回答,11023080,工作機械,要素部品,"木工関係の工作機を製造しているとのこと。
レールにこびりつく粉塵に困っているようで、防塵オプションをご説明しました。
（Lacs等）",手書きデータ,説明員判断でフォローが必要,,,,,,,,,,
777,0008000091_00222_1.jpg,,2025/4/10 11:25,通常回答,11823109,FAロボット製造業,要素部品/アクチュエータ,"200kgの重さのものを持ち上げたい。
今はメンテナンスしづらくてメンテや効率も悪い。ポン置きできるユニットとして導入できるのはメリット。
価格などご相談する予定。
",手書きデータ,説明員判断でフォローが必要/カタログ希望、情報収集,,,,,,,,,,
778,0008000091_00223_1.jpg,,2025/4/10 11:31,通常回答,11020103,輸送機器（自動車等）,ﾕﾆｯﾄ(精密ｽﾃｰｼﾞ・ﾋﾟｴｿﾞｽﾃｰｼﾞ),"パラタイズユニット検討中
豊田支店　谷口対応します",手書きデータ,営業打合せ希望(THK要望),豊田支店　谷口,APS6ラインに検討中,それ以降,開発（試作）,,,,,,
779,0008000091_00224_1.jpg,0008000091_00224_2.jpg,2025/4/10 11:31,通常回答,11011090,電気/電子部品,要素部品/OMNIedge/VTS･GLM,"ライン保全担当者。
ラインの中でLMガイドのブロックのみ抜き取り別のレールに移す工程があり、そのようなことに対応できるLMガイドの要望有り。
ガイド単品だと難しいがVTSであれば対応可能と伝えて興味持って頂く。
また予兆保全にも取り組みたいとのことだったので、FA中井さんに引き継ぎオムニエッジも紹介実施し、非常に興味みもっていただく。",手書きデータ,営業打合せ希望(THK要望),,,それ以降,,,,,,,
781,0008000091_00225_1.jpg,,2025/4/10 11:33,通常回答,11023109,輸送機器（自動車等）,要素部品,"AWG、ATGについて、試験機に使えるかもしれない。カタログの配布をした。
",手書きデータ,カタログ希望、情報収集,,,,,,,,,,
784,0008000091_00226_1.jpg,,2025/4/10 11:37,通常回答,11090010,その他,要素部品,"産業用プリンターが大型化高速化。
高加減速をかなえられるＡＨＲを紹介しました。",手書きデータ,カタログ希望、情報収集,,,それ以降,,,,,,,
785,0008000091_00227_1.jpg,,2025/4/10 11:37,通常回答,11089121,一般産業機械,アクチュエータ,"デンソー向け、TOYOTA向け設備
名古屋田村担当",手書きデータ,説明員判断でフォローが必要,,名古屋支店　田村担当,,,,,,,,
786,0008000091_00228_1.jpg,0008000091_00228_2.jpg,2025/4/10 11:38,通常回答,11086712,その他,アクチュエータ,"pc
KSFに興味あり",手書きデータ,カタログ希望、情報収集,,,,,,,,,,
787,0008000091_00229_1.jpg,,2025/4/10 11:39,通常回答,11022121,その他,SIGNAS,"自動車のシートやその部品(PP箱)(24kg)程を運ぶ工場。事例を知りたい。
シグナスもともと知っていたが、ムジンとかの他社とも比較検討している。",手書きデータ,営業打合せ希望(THK要望),,,,,,,,,,
788,0008000091_00230_1.jpg,,2025/4/10 11:39,通常回答,11023109,一般産業機械,要素部品,"ATG、AWGについて、グリス充填用機械に使えないかと興味あり。
メンテナンス関係で収めたユーザから設計的にグリス給脂方向が難しいとの意見はもらった。
",手書きデータ,カタログ希望、情報収集,,,,,,,,,,
793,0008000091_00231_1.jpg,,2025/4/10 11:44,通常回答,11004079,電気/電子部品,要素部品,特殊長さのガイド作れるかの話があったので対応できる事を説明。ロールtoロールの設備のたわみを測定する機器を作っている。精度も必要なのでLMガイド用途あり。番手は12番あたり,手書きデータ,説明員判断でフォローが必要/カタログ希望、情報収集,,,,,,直動総合ｶﾀﾛｸﾞ / 515J,高加減速対応 低摺動 ﾐﾆﾁｭｱLMｶﾞｲﾄﾞ (形番:AHR) / 442,,,
794,0008000091_00232_1.jpg,,2025/4/10 11:44,通常回答,11004079,電気/電子部品,要素部品,特殊長さのガイド作れるかの話があったので対応できる事を説明。ロールtoロールの設備のたわみを測定する機器を作っている。精度も必要なのでLMガイド用途あり。番手は12番あたり,手書きデータ,説明員判断でフォローが必要/カタログ希望、情報収集,,,,,,直動総合ｶﾀﾛｸﾞ / 515J,高加減速対応 低摺動 ﾐﾆﾁｭｱLMｶﾞｲﾄﾞ (形番:AHR) / 442,,,
795,0008000091_00233_1.jpg,,2025/4/10 11:45,通常回答,11004079,電気/電子部品,要素部品,特殊長さのガイド作れるかの話があったので対応できる事を説明。ロールtoロールの設備のたわみを測定する機器を作っている。精度も必要なのでLMガイド用途あり。番手は12番あたり,手書きデータ,説明員判断でフォローが必要/カタログ希望、情報収集,,,,,,直動総合ｶﾀﾛｸﾞ / 515J,高加減速対応 低摺動 ﾐﾆﾁｭｱLMｶﾞｲﾄﾞ (形番:AHR) / 442,,,
796,0008000091_00234_1.jpg,,2025/4/10 11:45,通常回答,11022121,その他,SIGNAS,,手書きデータ,説明員判断でフォローが必要,,,,,,,,,,
797,0008000091_00235_1.jpg,,2025/4/10 11:47,通常回答,11004079,電気/電子部品,要素部品,特殊長さのガイド作れるかの話があったので対応できる事を説明。ロールtoロールの設備のたわみを測定する機器を作っている。精度も必要なのでLMガイド用途あり。番手は12番あたり,手書きデータ,説明員判断でフォローが必要/カタログ希望、情報収集,,,,,,直動総合ｶﾀﾛｸﾞ / 515J,高加減速対応 低摺動 ﾐﾆﾁｭｱLMｶﾞｲﾄﾞ (形番:AHR) / 442,,,
803,0008000091_00236_1.jpg,,2025/4/10 11:51,通常回答,11093153,一般産業機械,要素部品,,手書きデータ,カタログ希望、情報収集,,,,,,,,,,
814,,,2025/4/10 11:57,通常回答,11020096,その他,要素部品,"LMHBについて興味あり
カタログの送付とどのくらい組み付けタイムが縮められるか具体的な数値がたれば知りたい。
浜松支店、多田様が担当。",手書きデータ,カタログ希望、情報収集,,,それ以降,今回限り,,,圧入組付けﾀｲﾌﾟ ﾘﾆｱﾌﾞｯｼｭ LMHB / 433,,,
819,0008000091_00238_1.jpg,,2025/4/10 11:57,通常回答,11024521,電気/電子部品,アクチュエータ/VTS･GLM,,手書きデータ,カタログ希望、情報収集,,,,,,,,,PC/DSP紹介ﾘｰﾌﾚｯﾄ / L-53,
820,0008000091_00239_1.jpg,,2025/4/10 11:58,通常回答,11024521,電気/電子部品,アクチュエータ/VTS･GLM,,手書きデータ,カタログ希望、情報収集,,,,,,,,,PC/DSP紹介ﾘｰﾌﾚｯﾄ / L-53,
822,0008000091_00240_1.jpg,,2025/4/10 11:58,通常回答,11087023,一般産業機械,要素部品,省力化装置を作りたいため、近いうち訪問希望,手書きデータ,営業打合せ希望(客先要望),,,6ヶ月以内,,,,,,,
824,0008000091_00241_1.jpg,0008000091_00241_2.jpg,2025/4/10 12:02,通常回答,11086712,商社,SIGNAS,"ティア2の樹脂会社に検討
予算800万、SIGNASは400万位回答
デモ希望　連絡ほしいとのこと",手書きデータ,営業打合せ希望(客先要望),豊田支店　FA石澤さん,,,,,,,,,
825,0008000091_00242_1.jpg,,2025/4/10 12:05,通常回答,11023080,一般産業機械,要素部品,社内設備のターンテーブルの設計時に複列アンギャラ球軸受をつかっていたため、装置のテーブルまでの寸法が高くなってしまったとのことで、コンパクトに使用可能なクロスローラーリングのご紹介をしました。,手書きデータ,挨拶・売込み,,,,,,,,,,
826,0008000091_00243_1.jpg,,2025/4/10 12:06,通常回答,11023109,食品/薬品/化粧品,要素部品/アクチュエータ,"スルードライブを社内設備に使えないかとのことで、事例などを紹介。

担当者に連絡するかもということで、名刺交換した。",手書きデータ,カタログ希望、情報収集/挨拶・売込み,,,,,,,,,,
827,0008000091_00244_1.jpg,,2025/4/10 12:06,通常回答,11089121,一般産業機械,アクチュエータ,"社内搬送工程新ラインでIAI多用
今年夏から本稼動だがIAI寿命懸念あり、1年持つか検証",手書きデータ,説明員判断でフォローが必要/カタログ希望、情報収集,,,,,,電動ｱｸﾁｭｴｰﾀ総合ｶﾀﾛｸﾞ / 612J,,,,"
アクチュエータ総合カタログ、ALKパンフ送る
"
828,,,2025/4/10 12:06,通常回答,11024544,輸送機器（自動車等）,アクチュエータ/該当なし,次期ラインに向けアクチュエーター、LMHBご紹介,手書きデータ,挨拶・売込み,小牧支店　大湯,,,,,,,,,
829,0008000091_00246_1.jpg,,2025/4/10 12:08,通常回答,11024080,一般産業機械,要素部品,"光学検査装置設計
ミニチュアアクチュエータをお使いになられてる。
今後、自動光学検査装置設計予定",手書きデータ,営業打合せ希望(THK要望),大阪支店,,6ヶ月以内,今回限り,,,,,,
830,0008000091_00247_1.jpg,,2025/4/10 12:10,通常回答,11089121,一般産業機械,要素部品,"ロボットローダーほか
競合IKOあり
GKガイドご紹介",手書きデータ,説明員判断でフォローが必要,豊田支店　渡邉泰司担当ユーザー,,,,,,,,,
831,0008000091_00248_1.jpg,,2025/4/10 12:10,通常回答,11024080,SIer,該当なし,"新人セミナー企画予定
担当挨拶を今後させていただく。
来週アポイントとる(イバタ様)",手書きデータ,大至急 営業訪問,名古屋支店　太仁響,,3ヶ月以内,,,,,,,
832,0008000091_00249_1.jpg,,2025/4/10 12:12,通常回答,11093153,一般産業機械,要素部品,ダイドー先ユーザー,手書きデータ,カタログ希望、情報収集,,,,,,,,,,
833,0008000091_00250_1.jpg,,2025/4/10 12:14,通常回答,11024080,食品/薬品/化粧品,アクチュエータ,"社内で搬送をアクチュエータの組み合わせモジュールを使用したい。
リニア搬送モジュールのカタログが欲しい
設計段階ではないが構造を考えている。",手書きデータ,営業打合せ希望(客先要望),,,3ヶ月以内,,,,,,,thkモジュールコンテナ
836,0008000091_00251_1.jpg,0008000091_00251_2.jpg,2025/4/10 12:31,通常回答,11090185,その他,該当なし,"個別装着用の制振機器の製造販売を手掛けるメーカーで技術顧問をお勤め。
（トヨタ自動車OBで、その当時よりTHK免震機器をご存知とのこと。）
同社は基本的には制振機器の事業を展開されているが、免震機器も取り入れて対応領域を拡大したい意向もあり、免震関連機器のカタログをご希望された。",手書きデータ,カタログ希望、情報収集,,,,,,,,,,免震関連機器のカタログ一式
837,0008000091_00252_1.jpg,,2025/4/10 12:32,通常回答,11024521,電気/電子部品,要素部品/アクチュエータ,,手書きデータ,カタログ希望、情報収集,,,,,,電動ｱｸﾁｭｴｰﾀ総合ｶﾀﾛｸﾞ / 612J,クロスローラーリング RB-H / RE-H / RU-H / L-83,,,
838,0008000091_00253_1.jpg,,2025/4/10 12:42,通常回答,11023109,一般産業機械,要素部品,"非磁性製品など、ガイドの特殊環境での使用を検討
村田さんと一緒にアプローチ",手書きデータ,カタログ希望、情報収集/挨拶・売込み,,,,,,,,,,
839,0008000091_00254_1.jpg,0008000091_00254_2.jpg,2025/4/10 12:42,通常回答,11086712,商社,該当なし,大阪より名古屋に転勤　挨拶来場,手書きデータ,挨拶・売込み,,,,,,,,,,
844,0008000091_00255_1.jpg,,2025/4/10 12:52,通常回答,11024078,工作機械,要素部品,"作業時間の短縮などを考える業務をしている。
加工機の扉であまり荷重がかからない場所でLMガイドを使用。
組立時間を削減するためにレールを止めるボルトの数を減らしたいが、パッチを変えれば特殊になるため、ボルトを後から埋められる治具がないか聞かれました。
やりたいこととしては、レール組み付け時のボルトを削減して作業スピードアップ。
",手書きデータ,説明員判断でフォローが必要,,,,,,,,,,
846,0008000091_00256_1.jpg,,2025/4/10 12:58,通常回答,11024080,一般産業機械,要素部品,"接合機器の開発、設計
THK製品使用
製品のコストダウン、性能アップ相談のためブースに来場",手書きデータ,説明員判断でフォローが必要,名古屋支店,,1年以内,,,,,,,
848,0008000091_00257_1.jpg,0008000091_00257_2.jpg,2025/4/10 12:58,通常回答,11024078,商社,ﾕﾆｯﾄ(精密ｽﾃｰｼﾞ・ﾋﾟｴｿﾞｽﾃｰｼﾞ),"ロボットを販売している方。
ロボット2台をのせられる6mを走行軸を探していた。今回はsierに頼んでいる。THKの走行軸が良いなら、今後の選定の一つとして持っておきたい。",手書きデータ,説明員判断でフォローが必要,,,,,,,,,,
849,0008000091_00258_1.jpg,0008000091_00258_2.jpg,2025/4/10 12:59,通常回答,11024078,商社,ﾕﾆｯﾄ(精密ｽﾃｰｼﾞ・ﾋﾟｴｿﾞｽﾃｰｼﾞ),"ロボットを販売している方。
ロボット2台をのせられる6mを走行軸を探していた。今回はsierに頼んでいる。THKの走行軸が良いなら、今後の選定の一つとして持っておきたい。",手書きデータ,説明員判断でフォローが必要,,,,,,,,,,
850,0008000091_00259_1.jpg,0008000091_00259_2.jpg,2025/4/10 13:01,通常回答,11024078,商社,ﾕﾆｯﾄ(精密ｽﾃｰｼﾞ・ﾋﾟｴｿﾞｽﾃｰｼﾞ),"ロボットを販売している方。
ロボット2台をのせられる6mを走行軸を探していた。今回はsierに頼んでいる。THKの走行軸が良いなら、今後の選定の一つとして持っておきたい。",手書きデータ,説明員判断でフォローが必要,,,,,,,,,,
851,0008000091_00260_1.jpg,,2025/4/10 13:03,通常回答,11024080,流通(小売・卸売),アクチュエータ/ﾕﾆｯﾄ(精密ｽﾃｰｼﾞ・ﾋﾟｴｿﾞｽﾃｰｼﾞ),"配送倉庫を管理されてる。
積み上げられたワークのひとつだけをぬく動作をモジュールで実装検討中。
積み上げられたワークなので一つずつ上から積み下ろす作業が必要であるとご説明。",手書きデータ,説明員判断でフォローが必要/挨拶・売込み,,,それ以降,,,,,,,
852,0008000091_00261_1.jpg,0008000091_00261_2.jpg,2025/4/10 13:04,通常回答,11024078,一般産業機械,該当なし,THKのガイドを継ぎ仕様で購入した時、要望が伝わっておらず、継ぎ部が希望していたものと違うピッチのものが来たとの方。,手書きデータ,説明員判断でフォローが必要,,,,,,,,,,
853,0008000091_00262_1.jpg,0008000091_00262_2.jpg,2025/4/10 13:04,通常回答,11024078,一般産業機械,該当なし,THKのガイドを継ぎ仕様で購入した時、要望が伝わっておらず、継ぎ部が希望していたものと違うピッチのものが来たとの方。,手書きデータ,説明員判断でフォローが必要,,,,,,,,,,
854,0008000091_00263_1.jpg,,2025/4/10 13:04,通常回答,11024521,商社,アクチュエータ/OMNIedge/PPR/VTS･GLM,,手書きデータ,挨拶・売込み,,,,,,,,,,
855,0008000091_00264_1.jpg,0008000091_00264_2.jpg,2025/4/10 13:05,通常回答,11024078,一般産業機械,該当なし,THKのガイドを継ぎ仕様で購入した時、要望が伝わっておらず、継ぎ部が希望していたものと違うピッチのものが来たとの方。,手書きデータ,説明員判断でフォローが必要,,,,,,,,,,
856,0008000091_00265_1.jpg,0008000091_00265_2.jpg,2025/4/10 13:05,通常回答,11024078,一般産業機械,該当なし,THKのガイドを継ぎ仕様で購入した時、要望が伝わっておらず、継ぎ部が希望していたものと違うピッチのものが来たとの方。,手書きデータ,説明員判断でフォローが必要,,,,,,,,,,
857,0008000091_00266_1.jpg,0008000091_00266_2.jpg,2025/4/10 13:05,通常回答,11024078,一般産業機械,該当なし,THKのガイドを継ぎ仕様で購入した時、要望が伝わっておらず、継ぎ部が希望していたものと違うピッチのものが来たとの方。,手書きデータ,説明員判断でフォローが必要,,,,,,,,,,
858,0008000091_00267_1.jpg,,2025/4/10 13:07,通常回答,11090160,輸送機器（自動車等）,PRS･TNH,"ロボットのハンドとして金型部品を掴みたい。
受けジグとしても興味あり。",手書きデータ,説明員判断でフォローが必要,豊田支店  木田さん,,,,,,,,,
859,,0008000091_00268_2.jpg,2025/4/10 13:10,通常回答,11019531,工作機械,要素部品/該当なし,,手書きデータ,挨拶・売込み,ダイナス,,,,,,,,,
861,0008000091_00269_1.jpg,,2025/4/10 13:24,通常回答,11020096,輸送機器（自動車等）,アクチュエータ,"KSF8検討
ワーク重量:約2kg程度
プレス工程後、ロボットが掴みにくるまでの間の搬送
ストローク:1000〜1500mm
タクトタイムが厳しい為、高速で搬送できるアクチュエータを探している
今年の上期までに仕様を固めておきたい。
THK営業マンとは面識なし

繰り返し位置決め精度は0.01mmあれば十分。",手書きデータ,営業打合せ希望(客先要望),,,1年以内,今回限り,,,,,,
862,0008000091_00270_1.jpg,,2025/4/10 13:25,通常回答,11011090,輸送機器（自動車等）,アクチュエータ/VTS･GLM,"工程改善を担当。
VTS紹介したところ、今後のライン構想として興味持って頂きリーフレット配布。
イメージは定ピッチ搬送した後のパレットをリターンさせる箇所に使用できそうとのこと。
可搬数kgで、斜め45°くらいに取り付けられないかとの問合せ頂き、レールの乗り移り許容値内であれば問題ないと回答。
まて、多段スライドの紹介も実施。",手書きデータ,説明員判断でフォローが必要,,,それ以降,開発（試作）,,,,,,
863,0008000091_00271_1.jpg,,2025/4/10 13:27,通常回答,11090160,輸送機器（自動車等）,要素部品,"SKRなどのアクチュエータでエンコーダが一体になった製品があったらいい。
KRの2スライダー Bタイプで、駆動側ブロックの方向を型番記号で指示できればいい。図面だと手間がかかる。",手書きデータ,説明員判断でフォローが必要,豊田支店,,,,,,,,,
864,0008000091_00272_1.jpg,,2025/4/10 13:28,通常回答,11024521,輸送機器（自動車等）,アクチュエータ/VTS･GLM,,手書きデータ,営業打合せ希望(客先要望),豊田支店　服部,電動パーキングブレーキの段積み、段バラシ,それ以降,開発（試作）,,,,,PC/DSP紹介ﾘｰﾌﾚｯﾄ / L-53,
866,0008000091_00273_1.jpg,,2025/4/10 13:31,通常回答,11087023,食品/薬品/化粧品,要素部品,製品説明会の開催を希望します,手書きデータ,説明員判断でフォローが必要,名古屋　熊谷,,,,,,,,,
867,0008000091_00274_1.jpg,0008000091_00274_2.jpg,2025/4/10 13:33,通常回答,11024078,一般産業機械,該当なし,THKのガイドを継ぎ仕様で購入した時、要望が伝わっておらず、継ぎ部が希望していたものと違うピッチのものが来たとの方。,手書きデータ,説明員判断でフォローが必要,,,,,,,,,,
868,0008000091_00275_1.jpg,,2025/4/10 13:33,通常回答,11087023,食品/薬品/化粧品,要素部品,ボールスプラインについてしっかりとした説明を受けたい,手書きデータ,営業打合せ希望(THK要望),名古屋　熊谷,,,,,,,,,
870,0008000091_00276_1.jpg,0008000091_00276_2.jpg,2025/4/10 13:34,通常回答,11024078,一般産業機械,該当なし,THKのガイドを継ぎ仕様で購入した時、要望が伝わっておらず、継ぎ部が希望していたものと違うピッチのものが来たとの方。,手書きデータ,説明員判断でフォローが必要,,,,,,,,,,
871,0008000091_00277_1.jpg,,2025/4/10 13:35,通常回答,12087023,食品/薬品/化粧品,要素部品,LMガイド使用方法についての打ち合わせを希望します,手書きデータ,営業打合せ希望(THK要望),名古屋　熊谷,,,,,,,,,
872,0008000091_00278_1.jpg,,2025/4/10 13:36,通常回答,11006507,一般産業機械,アクチュエータ,KRの防塵シールの御紹介して欲しい,手書きデータ,営業打合せ希望(客先要望),IMT 矢崎,一般産業機械,6ヶ月以内,開発（試作）,,,,,,防塵シールKR
873,0008000091_00279_1.jpg,,2025/4/10 13:36,通常回答,11087023,商社,SIGNAS,シグナスの説明会をお願いしたい,手書きデータ,大至急 営業訪問,FA石澤さん,,,,,,,,,
874,0008000091_00280_1.jpg,,2025/4/10 13:38,通常回答,11022121,その他,該当なし,"ATG興味あり。装置の下のユニットの引き出しで、スライドレールを使うことがあるが、耐荷重をあげたいが、LMガイドを使うほどではない。ATG,AWGパンフお渡し済み。",手書きデータ,説明員判断でフォローが必要,,,,,,,,,,
875,0008000091_00281_1.jpg,,2025/4/10 13:42,通常回答,11086712,一般産業機械,要素部品,情報収集のため来場,手書きデータ,カタログ希望、情報収集,,,,,,,,,,
876,0008000091_00282_1.jpg,,2025/4/10 13:44,通常回答,11087023,食品/薬品/化粧品,アクチュエータ,コンテナ移載モジュールに興味がある,手書きデータ,カタログ希望、情報収集,,,,,,,,,,
877,0008000091_00283_1.jpg,,2025/4/10 13:44,通常回答,1104079,一般産業機械,要素部品/アクチュエータ,"陶器を作っているメーカー。粉塵対策が必要になる。
社長より自動化、省力化に取り組むように言われてるので、台車からワークパレットを次工程に移す所など候補になりえる。
コンテナ移載機に興味あり",手書きデータ,営業打合せ希望(THK要望),小牧支店　三浦さん,,,,,,,,,
878,0008000091_00284_1.jpg,,2025/4/10 13:47,通常回答,11090160,一般産業機械,要素部品,"同芯を精密に合わせて移載したい。
最近、THKの展示会を開催した。",手書きデータ,説明員判断でフォローが必要,松山支店,,,,,,,,,
879,0008000091_00285_1.jpg,,2025/4/10 13:52,通常回答,11020096,輸送機器（自動車等）,ﾕﾆｯﾄ(精密ｽﾃｰｼﾞ・ﾋﾟｴｿﾞｽﾃｰｼﾞ)/該当なし,"パレタイズを検討
AGVで搬送するパレットへのパレタイジング案件あり。
ワーク:12kg
長さ×幅:1000×300

XZθ軸で検討。
現在は人がパレットに運んでおり社内的に自動化していきたい。
まだ検討段階の為、具体的な時期は未定。予算は決まっているが、どの程度をパレタイジングに当てれるかは不明。
",手書きデータ,営業打合せ希望(客先要望),,,1年以内,,,,,,,
881,0008000091_00286_1.jpg,0008000091_00286_2.jpg,2025/4/10 13:53,通常回答,11011067,輸送機器（自動車等）,アクチュエータ,"情報収集のため来場。
特に案件等はなし。
アルミの精密なパイプを制作している会社
アルミのパイプが使えるところがないか調査中。
",手書きデータ,カタログ希望、情報収集,,,,,,,,,,
882,0008000091_00287_1.jpg,0008000091_00287_2.jpg,2025/4/10 13:54,通常回答,11089121,その他,要素部品,"自社開発の風力発電機にクロスローラーリング
希望
上海でも中国部品使い作っているが、名古屋では日本製部品使いMade in Japan の風力発電機を商品化する

直動総合カタログ2部、希望
",手書きデータ,営業打合せ希望(客先要望)/説明員判断でフォローが必要/カタログ希望、情報収集,,風力発電,,開発（試作）,,直動総合ｶﾀﾛｸﾞ / 515J,クロスローラーリング RB-H / RE-H / RU-H / L-83,,,
883,,,2025/4/10 13:55,通常回答,11005060,工作機械,該当なし,DYNASを新型縦型MCの開発に使用できないか検討したく説明を受けに来た,手書きデータ,営業打合せ希望(客先要望),金沢支店 池田,V40Aの開発案件,6ヶ月以内,開発（試作）,,,,,,
885,0008000091_00289_1.jpg,,2025/4/10 13:58,通常回答,11089121,一般産業機械,アクチュエータ,"ニップローラー(ローラーで挟む)部にエアシリンダー使用
常時推力維持必要のため、電動はモーター発熱し難しいが興味はある
見学テーマDXだが、会社クラウド使用NGとなっている",手書きデータ,説明員判断でフォローが必要,,,,,,,,,,
886,0008000091_00290_1.jpg,,2025/4/10 14:00,通常回答,11087023,食品/薬品/化粧品,アクチュエータ,"コンテナ移載機カタログ
郵送希望",手書きデータ,カタログ希望、情報収集,,,,,,,,,,
887,0008000091_00291_1.jpg,,2025/4/10 14:01,通常回答,11089121,一般産業機械,要素部品,情報収集での見学,手書きデータ,カタログ希望、情報収集,,,,,,,,,,
889,0008000091_00292_1.jpg,,2025/4/10 14:05,通常回答,11024544,輸送機器（自動車等）,アクチュエータ/該当なし,新規ライン向けにアクチュエーター提案。,手書きデータ,挨拶・売込み,小牧支店　大湯,,,,,,,,,
890,0008000091_00293_1.jpg,,2025/4/10 14:05,通常回答,11021074,一般産業機械,要素部品,,手書きデータ,挨拶・売込み,,,,,,,,,,
891,0008000091_00294_1.jpg,,2025/4/10 14:06,通常回答,11021074,一般産業機械,要素部品,,手書きデータ,挨拶・売込み,,,,,,,,,,
892,0008000091_00295_1.jpg,,2025/4/10 14:06,通常回答,11021074,一般産業機械,要素部品,,手書きデータ,挨拶・売込み,,,,,,,,,,
893,0008000091_00296_1.jpg,,2025/4/10 14:06,通常回答,11024544,一般産業機械,要素部品,"LMガイドシールオプションご案内。
セミナーご案内",手書きデータ,挨拶・売込み,小牧支店　大湯,,,,,,,,,
894,0008000091_00297_1.jpg,,2025/4/10 14:08,通常回答,11024544,一般産業機械,要素部品,"LMガイドシールオプションご案内。
セミナーご案内",手書きデータ,挨拶・売込み,小牧　大湯,,,,,,,,,
895,0008000091_00298_1.jpg,,2025/4/10 14:11,通常回答,"11024544
",商社,ﾕﾆｯﾄ(精密ｽﾃｰｼﾞ・ﾋﾟｴｿﾞｽﾃｰｼﾞ),"情報収集を目的に来場。
客先にて自動化のニーズが高まっているためユニットのカタログを所望",手書きデータ,カタログ希望、情報収集/挨拶・売込み,小牧支店　大湯,,,,,,,,,
896,0008000091_00299_1.jpg,,2025/4/10 14:12,通常回答,11089058,一般産業機械,要素部品,"ボールスプライン　LTS 最小径カタログ希望あり。詳細打合せ可能との事。温度100度程度の雰囲気で使用検討。
ただし、原案があり、次案で検討したい。",手書きデータ,説明員判断でフォローが必要/カタログ希望、情報収集,,,,,,,,,,LTS
897,0008000091_00300_1.jpg,,2025/4/10 14:13,通常回答,11093153,医療,要素部品,"シャフトブッシュ2本仕様箇所、LTSで置き換えの可能性ないか。コスト課題満たし。
組織が変わり個人のスキルベースで設計を進める場面が多くなっている。設計部門全体。個人への情報欲しい",手書きデータ,説明員判断でフォローが必要/カタログ希望、情報収集,,,,,,直動総合ｶﾀﾛｸﾞ / 515J,,,,LMHB.LTSカタログ、資料希望
898,0008000091_00301_1.jpg,,2025/4/10 14:13,通常回答,11093153,医療,要素部品,"シャフトブッシュ2本仕様箇所、LTSで置き換えの可能性ないか。コスト課題満たし。
組織が変わり個人のスキルベースで設計を進める場面が多くなっている。設計部門全体。個人への情報欲しい",手書きデータ,説明員判断でフォローが必要/カタログ希望、情報収集,,,,,,直動総合ｶﾀﾛｸﾞ / 515J,,,,LMHB.LTSカタログ、資料希望
899,0008000091_00302_1.jpg,,2025/4/10 14:14,通常回答,11021059,工作機械,要素部品/新製品(SPH)/新製品(RT)/アクチュエータ,"情報収集
改造機種部品選定中
",手書きデータ,営業打合せ希望(客先要望),小牧　高橋,,1年以内,開発（試作）,,,,,,
900,0008000091_00303_1.jpg,,2025/4/10 14:14,通常回答,11021059,工作機械,要素部品/新製品(SPH)/新製品(RT)/アクチュエータ,"情報収集
改造機種部品選定中
",手書きデータ,営業打合せ希望(客先要望),小牧　高橋,,1年以内,開発（試作）,,,,,,
901,0008000091_00304_1.jpg,,2025/4/10 14:14,通常回答,11021059,工作機械,要素部品/新製品(SPH)/新製品(RT)/アクチュエータ,"情報収集
改造機種部品選定中
",手書きデータ,営業打合せ希望(客先要望),小牧　高橋,,1年以内,開発（試作）,,,,,,
904,0008000091_00305_1.jpg,,2025/4/10 14:19,通常回答,11093153,医療,要素部品,"ハンディレフ（持ち運び式視力検査き）、ピント合わせぶにガイド使用。
都合でプライベートショー見学できてない",手書きデータ,説明員判断でフォローが必要/カタログ希望、情報収集,,,,,,直動総合ｶﾀﾛｸﾞ / 515J,,,,LTS.LMHB
905,0008000091_00306_1.jpg,,2025/4/10 14:21,通常回答,11086712,一般産業機械,要素部品,情報収集のため来場,手書きデータ,カタログ希望、情報収集,,,,,,,,,,
909,0008000091_00307_1.jpg,,2025/4/10 14:26,通常回答,11021059,一般産業機械,要素部品/アクチュエータ,"ナットランナーの移動軸を検討中
KR左右ネジが使用できそう
打ち合わせ希望",手書きデータ,営業打合せ希望(客先要望),小牧　三浦さん,,1年以内,今回限り,,,,,,
910,0008000091_00308_1.jpg,,2025/4/10 14:27,通常回答,11011090,輸送機器（自動車等）,アクチュエータ,"サーボプレスPC+PFAEの紹介実施。
興味持って頂きカタログ配布。
現状はIAIが多いとのこと。
SKRも紹介し、アルミベースとの違い理解して頂く。",手書きデータ,説明員判断でフォローが必要,,,それ以降,,,,,,,
911,0008000091_00309_1.jpg,,2025/4/10 14:28,通常回答,11021059,一般産業機械,アクチュエータ,"ナットランナーの移動軸検討中
KR左右ねじが使用できそう
多関節ロボットに搭載予定",手書きデータ,営業打合せ希望(客先要望),小牧三浦さん,,1年以内,今回限り,,,,,,
912,0008000091_00310_1.jpg,,2025/4/10 14:28,通常回答,11021059,一般産業機械,アクチュエータ,"ナットランナーの移動軸検討中
KR左右ねじが使用できそう
多関節ロボットに搭載予定",手書きデータ,営業打合せ希望(客先要望),小牧三浦さん,,1年以内,今回限り,,,,,,
913,0008000091_00311_1.jpg,,2025/4/10 14:30,通常回答,11099084,輸送機器（自動車等）,該当なし,,手書きデータ,カタログ希望、情報収集,,,,,,,,,,
914,0008000091_00312_1.jpg,,2025/4/10 14:31,通常回答,11024521,輸送機器（自動車等）,要素部品/アクチュエータ,,手書きデータ,カタログ希望、情報収集,,,,,,,,,,
915,0008000091_00313_1.jpg,,2025/4/10 14:31,通常回答,11089121,一般産業機械,アクチュエータ,ユニット製品紹介→最近3軸ユニット構想相談実績あり　豊田支店,手書きデータ,説明員判断でフォローが必要,,,,,,,,,,
917,0008000091_00314_1.jpg,,2025/4/10 14:33,通常回答,11024521,輸送機器（自動車等）,要素部品,,手書きデータ,カタログ希望、情報収集,,,,,,,,,,
918,0008000091_00315_1.jpg,,2025/4/10 14:33,通常回答,11089121,その他,該当なし,"再生エネルギー(太陽光)システムの売り込み
別途資料送るとの事",手書きデータ,挨拶・売込み,,,,,,,,,,
919,0008000091_00316_1.jpg,,2025/4/10 14:36,通常回答,11024080,一般産業機械,該当なし,ネクステージ,手書きデータ,営業打合せ希望(客先要望)/営業打合せ希望(THK要望),豊田支店,"社内設備の自動化でネクステージに興味がある。
豊田支店のネクステージをぜひみてみたいとのこと。
",6ヶ月以内,開発（試作）,,,,,,
920,0008000091_00317_1.jpg,,2025/4/10 14:37,通常回答,11022121,一般産業機械,要素部品,枠移動のてんぞうボールネジの仕様決定版の見積もりする,手書きデータ,説明員判断でフォローが必要,小牧支店 山田,,,,,,,,,
921,0008000091_00318_1.jpg,,2025/4/10 14:43,通常回答,11086712,一般産業機械,SIGNAS,"シグナス興味あり
加古様に連絡の上、訪問希望
500キロのものを牽引",手書きデータ,営業打合せ希望(THK要望),,,,,,,,,,
922,0008000091_00319_1.jpg,,2025/4/10 14:43,通常回答,11020096,一般産業機械,要素部品,"AXステージについての問い合わせ
上軸だけアルミにするような特殊対応ができるかどうかの問い合わせ。
確認後、担当営業より回答する旨了承。
",手書きデータ,挨拶・売込み,,,それ以降,,,,,,,
923,0008000091_00320_1.jpg,,2025/4/10 14:44,通常回答,11023109,商社,要素部品,awgに興味があり、両方にスライドできるのが珍しいと評価を得た。,手書きデータ,カタログ希望、情報収集,,,,,,,,,,
924,0008000091_00321_1.jpg,0008000091_00321_2.jpg,2025/4/10 14:46,通常回答,11093153,一般産業機械,要素部品,"ボールブッシュ、スプライン使い訳問い合わせ。単品カタログ希望された。
総合カタログ発送ください",手書きデータ,カタログ希望、情報収集,,,,,,直動総合ｶﾀﾛｸﾞ / 515J,,,,
925,0008000091_00322_1.jpg,,2025/4/10 14:52,通常回答,11020103,半導体/液晶,アクチュエータ,"ローコストアクチュエーターに興味。
ローコストの選択肢が現状IAIしかないため、THKで対応可能なものがあれば教えてほしい。ALK、ESを紹介。
いいモノがあれば置き換えるとのこと。",手書きデータ,営業打合せ希望(THK要望),豊田支店　谷口英斗,,1年以内,開発（試作）,,,,,,
926,0008000091_00323_1.jpg,,2025/4/10 14:53,通常回答,11099084,その他,要素部品,リング関係の要望、剛性、高速性不要,手書きデータ,カタログ希望、情報収集,,,,,,,,,,
928,0008000091_00324_1.jpg,,2025/4/10 14:53,通常回答,11099084,その他,要素部品,リング関係の要望、剛性、高速性不要,手書きデータ,カタログ希望、情報収集,,,,,,,,,,
929,0008000091_00325_1.jpg,0008000091_00325_2.jpg,2025/4/10 14:54,通常回答,11086712,その他,SIGNAS,"シグナスに興味あり。自動販売機の部品を搬送
連絡は要らない
案件が具体化したら、お客様から連絡するとの事",手書きデータ,カタログ希望、情報収集,,,,,,,,,,
930,0008000091_00326_1.jpg,,2025/4/10 14:56,通常回答,11020103,一般産業機械,アクチュエータ,"アクチュエーター、VTSなど幅広くご紹介。
デンソー向けAPS6ラインの設備案件あり。
※すでに設計完了済みとのこと。
営業マンご存じないとのことでしたので、ご担当者判断でフォローお願いします。",手書きデータ,説明員判断でフォローが必要,豊田支店　谷口英斗,,1年以内,今回限り,,,,,,
931,0008000091_00327_1.jpg,,2025/4/10 14:58,通常回答,11020103,輸送機器（自動車等）,要素部品,"保全技能育成に携わる。定期的にTHK製品オンラインセミナー受講している。
対面セミナー実施のご案内。
タイミングが合えばお願いしたいとのこと。",手書きデータ,説明員判断でフォローが必要,豊田支店　谷口英斗,,1年以内,,,,,,,
932,0008000091_00328_1.jpg,,2025/4/10 15:02,通常回答,11020103,一般産業機械,要素部品,"特殊環境下ガイドについてご紹介。
メッキ設備の製作が多く、耐食性を求めている。現状表面処理を施して購入しているが、より強化できないか検討している。
HSR-M2ガイドに興味。",手書きデータ,営業打合せ希望(THK要望),豊田支店　谷口英斗,メッキ設備用ガイドの耐食性向上,1年以内,今回限り,,,,,,
933,0008000091_00329_1.jpg,,2025/4/10 15:08,通常回答,11093153,電気/電子部品,要素部品,OEMで水分析装置製作。50本くらいの試験管に試験液を滴下する。位置決めしゆうどう部6角軸、ナツト機構だが古くなるとかじる。スプラインφ8-300程度,手書きデータ,説明員判断でフォローが必要,,,,,,,,,,
934,0008000091_00330_1.jpg,,2025/4/10 15:12,通常回答,11020103,一般産業機械,アクチュエータ,アクチュエーター、特にSKRの特性についてご紹介。方持ち方式で設計したい場面があっても、保全を説得できない（説得できる要素、根拠に乏しい）このあたりを相談したい。機会があれば相談したいので営業フォローお願いします。,手書きデータ,営業打合せ希望(THK要望),豊田支店　谷口,,1年以内,今回限り,,,,,,
936,0008000091_00331_1.jpg,,2025/4/10 15:16,通常回答,11024521,医療,VTS･GLM,,手書きデータ,カタログ希望、情報収集,,,,開発（試作）,,,,,,
937,0008000091_00332_1.jpg,,2025/4/10 15:17,通常回答,11024521,医療,VTS･GLM,,手書きデータ,カタログ希望、情報収集,,,,開発（試作）,,,,,,
941,0008000091_00333_1.jpg,,2025/4/10 15:21,通常回答,11011067,輸送機器（自動車等）,要素部品/新製品(SPH)/新製品(RT),"情報収集のため来場、特に案件等なし。
エムガイドボールネジ等の要素部品に興味あり。",手書きデータ,カタログ希望、情報収集,,,,,,,,,,
948,0008000091_00334_1.jpg,,2025/4/10 15:27,通常回答,11019158,一般産業機械,PPR,自動車の内外装部品の袋詰めで自動化の用途有。PPRをいつか横並びにしてシール貼りができることを説明。,手書きデータ,カタログ希望、情報収集,,,,,,,,,,
949,0008000091_00335_1.jpg,0008000091_00335_2.jpg,2025/4/10 15:28,通常回答,11086712,輸送機器（自動車等）,SIGNAS,"シグナスに興味あり
4種類、AG V使用している
更新時にシグナス検討するかもしれない",手書きデータ,カタログ希望、情報収集,,,,,,,,,,
950,0008000091_00336_1.jpg,,2025/4/10 15:29,通常回答,11019158,一般産業機械,要素部品,設計勉強のために来場。LM、ボールねじについて説明。設計、剪定で悩んだら連絡をするよう誘導。,手書きデータ,カタログ希望、情報収集,,,,,,,,,,
951,0008000091_00337_1.jpg,,2025/4/10 15:31,通常回答,11024080,一般産業機械,要素部品/OMNIedge,"開発に最近配属され勉強も兼ねてブースを覗かれた。
社内で新規授業が立ち上がる？",手書きデータ,挨拶・売込み,豊田支店,,3ヶ月以内,,,,,,,
952,0008000091_00338_1.jpg,,2025/4/10 15:31,通常回答,11024521,輸送機器（自動車等）,アクチュエータ/VTS･GLM,,手書きデータ,カタログ希望、情報収集,,,,,,,,,,
953,0008000091_00339_1.jpg,,2025/4/10 15:32,通常回答,11024521,輸送機器（自動車等）,アクチュエータ/VTS･GLM/PRS･TNH,,手書きデータ,カタログ希望、情報収集,,,,,,,,,,
954,0008000091_00340_1.jpg,,2025/4/10 15:32,通常回答,11023080,一般産業機械,要素部品,"鍛造用の炉の搬入出にLMガイドを検討しているとのこと。
NM1を紹介するも、雰囲気が1200度程度とのことで難しい様子でした。",手書きデータ,説明員判断でフォローが必要,,,,,,,,,,
955,0008000091_00341_1.jpg,0008000091_00341_2.jpg,2025/4/10 15:33,通常回答,11011090,一般産業機械,要素部品,"ガラスの4面をカットする装置に三菱リニアを使用中。
ケーブルベアの動く際に振動が出ておりカット面の精度に影響が出ているとのこと。
サイルベアであれば振動が出ない為改善する可能性あると回答。
またVTSにも興味を持って頂き、FA伊藤さんに引き継ぎ実施。",手書きデータ,説明員判断でフォローが必要,,,それ以降,,,,,,,
956,0008000091_00342_1.jpg,,2025/4/10 15:38,通常回答,11089121,輸送機器（自動車等）,アクチュエータ,"コンテナ移載ユニット興味あり　可搬30kg
通常、装置メーカーへ依頼し専用機となりコストかさむ→標準ロボ(ユニット)でコストダウンしたい
＊現在、OMNIedge使用している。",手書きデータ,営業打合せ希望(THK要望),,,,,,,,,,コンテナ移載ユニット
957,0008000091_00343_1.jpg,,2025/4/10 15:40,通常回答,11024078,その他,該当なし,"従来のVRだとゲージズレがおき懸念点だったが、ゲージズレがおきないVRGに興味あり。
カタログの配布と製品のご説明。",手書きデータ,説明員判断でフォローが必要,,,,,,,,,,
959,0008000091_00344_1.jpg,0008000091_00344_2.jpg,2025/4/10 15:45,通常回答,11086715,商社,SIGNAS,情報収集のため来場,手書きデータ,カタログ希望、情報収集,,,,,,,,,,
960,0008000091_00345_1.jpg,,2025/4/10 15:45,通常回答,99989121,その他,要素部品,"自社開発の風力発電機にクロスローラーリング
希望
上海でも中国部品使い作っているが、名古屋では日本製部品使いMade in Japan の風力発電機を商品化する
 
直動総合カタログ2部、高速複列アンギュラリングBWHカタログ2部

風力発電機用にクロス選定希望→BWH最適と思われる。",手書きデータ,営業打合せ希望(客先要望),,風力発電,,開発（試作）,,直動総合ｶﾀﾛｸﾞ / 515J,クロスローラーリング RB-H / RE-H / RU-H / L-83,,,高速複列BWH
961,0008000091_00346_1.jpg,,2025/4/10 15:46,通常回答,11093153,輸送機器（自動車等）,ﾕﾆｯﾄ(精密ｽﾃｰｼﾞ・ﾋﾟｴｿﾞｽﾃｰｼﾞ)/SIGNAS,グリスレス問い合わせ、ガイドからはみ出るのが嫌。リテーナ紹介。垂直リフター話しする。シグナス興味,手書きデータ,説明員判断でフォローが必要,豊田　三浦,,,,,,,,,
962,0008000091_00347_1.jpg,,2025/4/10 15:49,通常回答,11024544,工作機械,ﾕﾆｯﾄ(精密ｽﾃｰｼﾞ・ﾋﾟｴｿﾞｽﾃｰｼﾞ),"加工工程での縦形研削盤加工の心出しの自動化を検討しており、1〜2μmの精度での位置決め精度が必要。
製品のカタログを所望
",手書きデータ,営業打合せ希望(THK要望),,,,,,ﾕﾆｯﾄｿﾘｭｰｼｮﾝ総合ｶﾀﾛｸﾞ / 427-4,,,,
963,,,2025/4/10 15:56,通常回答,11006507,SIer,SIGNAS,SIGNAS等AGVのsier,手書きデータ,カタログ希望、情報収集,IMT 矢崎,AGV搬送,,,,,,,,AGV製品のカタログ一式ご要望
964,0008000091_00349_1.jpg,0008000091_00349_2.jpg,2025/4/10 16:00,通常回答,11086712,その他,該当なし,スタンディングチェアの売り込み,手書きデータ,挨拶・売込み,,,,,,,,,,
967,0008000091_00350_1.jpg,,2025/4/10 16:12,通常回答,11023080,その他,要素部品,"マットレスの耐久試験機に使用されている中国産リニアガイドの置き換えを検討されているとのこと。

人の寝返りを再現するイメージで、200 kg の質量を片道1000mm1分あたり20往復、72時間連続動作するとのこと。

現行のガイドは異音がするとのことで、THK製品を検討中のようです。",手書きデータ,営業打合せ希望(THK要望)/説明員判断でフォローが必要,,,,,,,,,,
970,0008000091_00351_1.jpg,0008000091_00351_2.jpg,2025/4/10 16:21,通常回答,11011067,その他,要素部品/アクチュエータ,"ステンレス特殊鋼材を制作されている会社。
本日は情報収集のために来場
特に案件等は無し。",手書きデータ,カタログ希望、情報収集,,,,,,,,,,
974,0008000091_00352_1.jpg,,2025/4/10 16:27,通常回答,11024544,電気/電子部品,該当なし,"コンテナ移載機を確認頂いたところ
今後ユニットでの自動化を検討される可能性がありカタログをご所望
送付お願いします。",手書きデータ,カタログ希望、情報収集,,,,,,ﾕﾆｯﾄｿﾘｭｰｼｮﾝ総合ｶﾀﾛｸﾞ / 427-4,,,,
980,0008000091_00353_1.jpg,0008000091_00353_2.jpg,2025/4/10 16:50,通常回答,11024078,輸送機器（自動車等）,要素部品,"ロボットのチャック部分にミニチュアで剛性の高いLMガイドを探しているとのこと。
HDRの紹介とRSXとの許容荷重の違いをご説明。
試作段階。",手書きデータ,説明員判断でフォローが必要,,ロボットチャック用ガイド,,開発（試作）,,,,,,
981,0008000091_00354_1.jpg,0008000091_00354_2.jpg,2025/4/10 16:50,通常回答,11024078,輸送機器（自動車等）,要素部品,"ロボットのチャック部分にミニチュアで剛性の高いLMガイドを探しているとのこと。
HDRの紹介とRSXとの許容荷重の違いをご説明。
試作段階。",手書きデータ,説明員判断でフォローが必要,,ロボットチャック用ガイド,,開発（試作）,,,,,,
982,0008000091_00355_1.jpg,0008000091_00355_2.jpg,2025/4/10 16:54,通常回答,11011067,その他,該当なし,"IOT関係の仕事、
臭いの種類、濃度を検知して、危険を知らせるシステムを組み立てている。
情報収集のために来場。特に案件等なし。
",手書きデータ,カタログ希望、情報収集,,,,,,,,,,
983,,,2025/4/10 16:54,通常回答,11023109,輸送機器（自動車等）,要素部品,"過去に社内装置で検討していた、引き出しのような機構があり、そこにATGを使えばよかったとのこと。
結局その時は他社のガイドを4本使ったらしい。
自動化のためのものであり、進めている最中ではある。",手書きデータ,カタログ希望、情報収集,,,,,,,,,,
984,0008000091_00357_1.jpg,,2025/4/10 16:55,通常回答,11011067,一般産業機械,該当なし,"専用機自動機を専門に取り扱っている会社。
特に案件等は無し。
情報収集のために来場。",手書きデータ,カタログ希望、情報収集,,,,,,,,,,
988,0008000091_00358_1.jpg,,2025/4/10 17:03,通常回答,11090010,半導体/液晶,要素部品,"プリント基盤の実装、機に使用するエルエムガイド年内の開発案件ということです、
装置メーカーを探しています",手書きデータ,カタログ希望、情報収集,,,6ヶ月以内,開発（試作）,,,,,,
992,0008000091_00359_1.jpg,,2025/4/11 10:19,通常回答,11003073,その他,アクチュエータ,具体的案件はないがIAIのアクチュエーター使用。過去にたわみが大きく苦労した経験あり。,手書きデータ,挨拶・売込み,豊田支店,なし,それ以降,,,,,,,
993,0008000091_00360_1.jpg,,2025/4/11 10:20,通常回答,11003073,その他,アクチュエータ,具体的案件はないがIAIのアクチュエーター使用。過去にたわみが大きく苦労した経験あり。,手書きデータ,挨拶・売込み,豊田支店,なし,それ以降,,,,,,,
994,0008000091_00361_1.jpg,,2025/4/11 10:22,通常回答,11021059,電気/電子部品,アクチュエータ/ﾕﾆｯﾄ(精密ｽﾃｰｼﾞ・ﾋﾟｴｿﾞｽﾃｰｼﾞ),"モーター(max20kg)の外観検査装置構想中
カメラ角度を振るチルト機構を模索中
HCRが好感触
ユニットでの提案もほしいとのこと",手書きデータ,営業打合せ希望(客先要望),小牧　三浦さん,外観検査装置,1年以内,今回限り,,,,,,
995,0008000091_00362_1.jpg,0008000091_00362_2.jpg,2025/4/11 10:24,通常回答,1071,一般産業機械,要素部品/新製品(RT),"減速機の設計
クロスローラーリング
組付セミナーに興味あり
",手書きデータ,営業打合せ希望(THK要望),,,,,,,,,,
996,0008000091_00363_1.jpg,0008000091_00363_2.jpg,2025/4/11 10:24,通常回答,11019146,FAロボット製造業,要素部品,ウエハーの設備にて装置中のロボットを試作検討中。クリーン環境のため、低発塵グリース必須。ガイド、クロスローラーリングを使用予定。これから具体的に試作設計予定とのことで営業フォロー願います。,手書きデータ,営業打合せ希望(客先要望),浜松支店　武田和大,ウエハー製造装置,3ヶ月以内,開発（試作）,,,,,,
997,0008000091_00364_1.jpg,,2025/4/11 10:25,通常回答,11018559,一般産業機械,アクチュエータ/PRS･TNH,"計測にて電動、自動化をしたい。
異形ワーク多数あり。固定させる物でならいハンド、左右ねじKRのご紹介。
具体的案件ありそう。現在はマグネットチャックを使用中。
案件化の時期を聞くの忘れた。",手書きデータ,営業打合せ希望(THK要望),豊田支店　奥田彰郎,計測工程,,開発（試作）,,,,,,
999,0008000091_00365_1.jpg,,2025/4/11 10:29,通常回答,11498189,FAロボット製造業,要素部品,調達から部署異動,手書きデータ,カタログ希望、情報収集,,,,,,,,,,
1000,0008000091_00366_1.jpg,,2025/4/11 10:29,通常回答,11090010,一般産業機械,要素部品,"治具関係の設計を担当することが多く、昔モノキャリアのすべりネジバージョンの制作についてTHKに問い合わせいただいた過去があります。
当時、THKからは製作不可と回答されたようです、
他に新事務所建設中で、その新事務所でのクロスローリング、組み付け実習を実施することに興味を示されております。",手書きデータ,カタログ希望、情報収集,,,それ以降,,,,,,,
1001,0008000091_00367_1.jpg,,2025/4/11 10:30,通常回答,11090010,一般産業機械,要素部品,"治具関係の設計を担当することが多く、昔モノキャリアのすべりネジバージョンの制作についてTHKに問い合わせいただいた過去があります。
当時、THKからは製作不可と回答されたようです、
他に新事務所建設中で、その新事務所でのクロスローリング、組み付け実習を実施することに興味を示されております。",手書きデータ,カタログ希望、情報収集,,,それ以降,,,,,,,
1003,0008000091_00368_1.jpg,,2025/4/11 10:36,通常回答,11011067,輸送機器（自動車等）,アクチュエータ,"株式会社アイシン安城工場生産技術の仕事をしている。
生産性向上を目的に速度が速い製品をご所望。
KSFに非常に興味あり。
情報収集のため来場。
特に案件などなし。",手書きデータ,カタログ希望、情報収集,,,,,,,,,,
1005,0008000091_00369_1.jpg,,2025/4/11 10:37,通常回答,11024080,工作機械,アクチュエータ/ﾕﾆｯﾄ(精密ｽﾃｰｼﾞ・ﾋﾟｴｿﾞｽﾃｰｼﾞ),"社内設備で倉庫の搬送にアクチュエータを検討予定。
予算は200-300万
ロボットではコストがかかるのでアクチュエータに変更したい。
現在、構想段階",手書きデータ,営業打合せ希望(THK要望),THK名古屋支店芹沢チームリーダー,社内設備搬送装置,,今回限り,,,,,,
1007,0008000091_00370_1.jpg,,2025/4/11 10:37,通常回答,11084761,一般産業機械,要素部品,"トヨタ自動車　元町　てジグの設計。
ガイド、スプラインなど採用
",手書きデータ,挨拶・売込み,,,,,,,,,,
1008,0008000091_00371_1.jpg,,2025/4/11 10:37,通常回答,11011067,輸送機器（自動車等）,アクチュエータ,"株式会社アイシン安城工場生産技術の仕事をしている。
生産性向上を目的に速度が速い製品をご所望。
KSFに非常に興味あり。
情報収集のため来場。
特に案件などなし。",手書きデータ,カタログ希望、情報収集,,,,,,,,,,
1009,0008000091_00372_1.jpg,,2025/4/11 10:38,通常回答,11498189,SIer,該当なし,,手書きデータ,カタログ希望、情報収集,,,,,,,,,,
1010,0008000091_00373_1.jpg,,2025/4/11 10:38,通常回答,11084761,一般産業機械,要素部品,"トヨタ自動車　元町　てジグの設計。
ガイド、スプラインなど採用
豊田支店セミナー参加した事あり",手書きデータ,挨拶・売込み,,,,,,,,,,
1012,,,2025/4/11 10:42,通常回答,11091650,その他,該当なし,新人の勉強のため,手書きデータ,カタログ希望、情報収集,,,,,,,,,,
1014,0008000091_00375_1.jpg,,2025/4/11 10:44,通常回答,11099084,物流（運輸/倉庫）,新製品(RT)/該当なし,"AG Vを開発しているメーカーさん。
シャトの部分のリング関係の製品を探しています。営業からカタログの提供及びアポイントお願いします。",手書きデータ,営業打合せ希望(THK要望)/説明員判断でフォローが必要/カタログ希望、情報収集,,,,,,,,,,
1015,,,2025/4/11 10:44,通常回答,11016087,輸送機器（自動車等）,要素部品/VTS･GLM,"ATG.AWG興味あり。

VTS紹介。
現状使える工程はないが、ワークが小さく搬送が必要な工程はあるので今後必要となれば検討。",手書きデータ,カタログ希望、情報収集,,,,,,,,,,
1018,0008000091_00377_1.jpg,0008000091_00377_2.jpg,2025/4/11 10:46,通常回答,11016087,半導体/液晶,OMNIedge,ご挨拶で来場,手書きデータ,挨拶・売込み,,,,,,,,,,
1019,0008000091_00378_1.jpg,,2025/4/11 10:49,通常回答,11090010,一般産業機械,要素部品/VTS･GLM,"缶の製造装置に使うLMガイドについて打ち合わせしました。
結露によって、LMガイドが錆びる.
食品関連なので、油の飛散が気になる、
APC処理とL 700のご使用を提案してあります

",手書きデータ,カタログ希望、情報収集,,,それ以降,,,,,,,
1021,0008000091_00379_1.jpg,,2025/4/11 10:49,通常回答,11018559,電気/電子部品,アクチュエータ,"パレタイジングKR。
具体的な時期はなし。
人が行う工程2種を自動化したい。
案件1、ワーク20〜250kg
案件2、ワーク15〜20kg
案件2はチューブを巻いた物を内径把持してパレタイジング。内径把持に左右ねじKRをご紹介。好感触。
ユニット化、もしくは多軸ユニット。最低でも単品アクチュエータが狙えそう",手書きデータ,営業打合せ希望(THK要望),豊田支店　奥田彰郎,,,今回限り,,,,,,
1022,0008000091_00380_1.jpg,,2025/4/11 10:49,通常回答,11090010,一般産業機械,要素部品/VTS･GLM,"缶の製造装置に使うLMガイドについて打ち合わせしました。
結露によって、LMガイドが錆びる.
食品関連なので、油の飛散が気になる、
APC処理とL 700のご使用を提案してあります

",手書きデータ,カタログ希望、情報収集,,,それ以降,,,,,,,
1023,0008000091_00381_1.jpg,0008000091_00381_2.jpg,2025/4/11 10:50,通常回答,11016087,半導体/液晶,該当なし,ご挨拶で来場,手書きデータ,挨拶・売込み,,,,,,,,,,
1025,0008000091_00382_1.jpg,0008000091_00382_2.jpg,2025/4/11 10:50,通常回答,11086712,輸送機器（自動車等）,要素部品/アクチュエータ,"工機部で各工場への装置の設計をされています
本日は、機械要素部品の情報収集のため来場",手書きデータ,カタログ希望、情報収集,,,,,,,,,,
1026,0008000091_00383_1.jpg,,2025/4/11 10:50,通常回答,11019119,一般産業機械,アクチュエータ,"多軸ロボットハンド用アクチュエーターの打ち合わせ希望
ロボット先端の幅、角度調整に直行、ロータリーアクチュエータを探されていた。
多種類のバンパーに合わせて幅、角度調整したい。
チャックはトークのイソギンチャクを採用しているとのこと
",手書きデータ,営業打合せ希望(客先要望),,,3ヶ月以内,開発（試作）,,,,,,
1027,0008000091_00384_1.jpg,,2025/4/11 10:51,通常回答,11005060,一般産業機械,要素部品/該当なし,"DYNASに興味あり。
装置製作時に振動で困ることがある。
DYNASのようなサービスがあれば活用してみたいとのこと。
今は具体的な話はない。",手書きデータ,カタログ希望、情報収集,金沢支店 池田佳之,,,,,,,,,
1028,,,2025/4/11 10:51,通常回答,11011067,輸送機器（自動車等）,アクチュエータ,"アイシン安城工場にて生産の仕事をしている。
本日は情報収集のために来場。
コンパクトシリーズ、KR-RLに非常に興味あり。",手書きデータ,カタログ希望、情報収集,,,,,,,,,,
1029,0008000091_00386_1.jpg,0008000091_00386_2.jpg,2025/4/11 10:57,通常回答,11006507,一般産業機械,アクチュエータ,GLMのリニアスケールの信号を分岐させて、PLCに返したい,手書きデータ,営業打合せ希望(客先要望),IMT矢崎,板金圧入機,3ヶ月以内,,,,,,,
1031,0008000091_00387_1.jpg,,2025/4/11 10:59,通常回答,11012066,一般産業機械,要素部品/ﾕﾆｯﾄ(精密ｽﾃｰｼﾞ・ﾋﾟｴｿﾞｽﾃｰｼﾞ),"エレベーター用の大型モーターを組立時に昇降機構を検討中。
油圧で考えていたが電動化に興味を持っていただきました。
25tのワークを底床で100mm程度を昇降。
ユニット提案もあり。",手書きデータ,営業打合せ希望(THK要望),名古屋　芹澤,,1年以内,開発（試作）,,,,,,
1033,0008000091_00388_1.jpg,0008000091_00388_2.jpg,2025/4/11 11:01,通常回答,11006507,電気/電子部品,ﾕﾆｯﾄ(精密ｽﾃｰｼﾞ・ﾋﾟｴｿﾞｽﾃｰｼﾞ),"検査機検討中
ロッキングステージに興味あり",手書きデータ,説明員判断でフォローが必要,IMT矢崎,検査機検討,3ヶ月以内,,,,,,,
1034,0008000091_00389_1.jpg,0008000091_00389_2.jpg,2025/4/11 11:01,通常回答,11084761,一般産業機械,該当なし,"パレット搬送を紹介
資材の高木さんは定年で退社
制御の方なので、メカについてはあんまり詳しくなかったですが、パレット搬送には興味を持たれてました",手書きデータ,カタログ希望、情報収集,,,,,,,,,,
1039,0008000091_00390_1.jpg,,2025/4/11 11:05,通常回答,11081019,一般産業機械,要素部品,LMガイド使用して頂いている,手書きデータ,カタログ希望、情報収集/挨拶・売込み,案件はないが総ボールとリテーナーの違いと4方向とラジアルタイプの使い分けを理解頂く,,,,,,,,,
1040,0008000091_00391_1.jpg,0008000091_00391_2.jpg,2025/4/11 11:06,通常回答,11091650,電気/電子部品,アクチュエータ,アクチュエーターの引き合いが多いので、情報収集,手書きデータ,カタログ希望、情報収集,,,それ以降,,,直動総合ｶﾀﾛｸﾞ / 515J/General Catalog / 515E/電動ｱｸﾁｭｴｰﾀ総合ｶﾀﾛｸﾞ / 612J/ﾕﾆｯﾄｿﾘｭｰｼｮﾝ総合ｶﾀﾛｸﾞ / 427-4,,,LMｶﾞｲﾄﾞｱｸﾁｭｴｰﾀ KR-RL 左右ねじ仕様 / L-68/RMR紹介ﾘｰﾌﾚｯﾄ / L-85-1/PC/DSP紹介ﾘｰﾌﾚｯﾄ / L-53,
1041,0008000091_00392_1.jpg,0008000091_00392_2.jpg,2025/4/11 11:07,通常回答,1106087,一般産業機械,アクチュエータ,"主にエンジンのねじ締め設備を担当。
ガイド、ボールねじはTHKを使用する方が多い。
アクチュエータはIAIが多い。
現状はリピート案件が多く新規設計はないが、
今後新規案件があればSKR等も検討してみるとの事。",手書きデータ,カタログ希望、情報収集,,,,,,,,,,
1042,0008000091_00393_1.jpg,0008000091_00393_2.jpg,2025/4/11 11:07,通常回答,11024061,輸送機器（自動車等）,要素部品,"自動車用フェルトの製造会社。
工程の搬送ラインでのガイドの使用検討を提案。繊維物の混入を気にしていたため、防塵オプションについても紹介。",手書きデータ,挨拶・売込み,,,,,,,,,,
1043,0008000091_00394_1.jpg,,2025/4/11 11:09,通常回答,11498189,食品/薬品/化粧品,OMNIedge,保全担当の方　edge興味あり,手書きデータ,説明員判断でフォローが必要,,,,,,,,,,
1045,0008000091_00395_1.jpg,,2025/4/11 11:15,通常回答,11011067,輸送機器（自動車等）,アクチュエータ,"プレスシリーズPCはモーター折り返しなく、直結で対応可能か？
対応可能と回答済み。
現在、ワークを抑える機構を検討中。
20キロニュートンでワークを押さえたい。
ワークを押さえている間に別機構にてワークを加工する。",手書きデータ,説明員判断でフォローが必要/カタログ希望、情報収集,,,,,,,,,,
1046,0008000091_00396_1.jpg,,2025/4/11 11:15,通常回答,11011067,輸送機器（自動車等）,アクチュエータ,"プレスシリーズPCはモーター折り返しなく、直結で対応可能か？
対応可能と回答済み。
現在、ワークを抑える機構を検討中。
20キロニュートンでワークを押さえたい。
ワークを押さえている間に別機構にてワークを加工する。",手書きデータ,説明員判断でフォローが必要/カタログ希望、情報収集,,,,,,,,,,
1047,0008000091_00397_1.jpg,,2025/4/11 11:15,通常回答,11011067,輸送機器（自動車等）,アクチュエータ,"プレスシリーズPCはモーター折り返しなく、直結で対応可能か？
対応可能と回答済み。
現在、ワークを抑える機構を検討中。
20キロニュートンでワークを押さえたい。
ワークを押さえている間に別機構にてワークを加工する。",手書きデータ,説明員判断でフォローが必要/カタログ希望、情報収集,,,,,,,,,,
1048,0008000091_00398_1.jpg,,2025/4/11 11:16,通常回答,11084761,輸送機器（自動車等）,アクチュエータ,電動アクチュエーター総合カタログの最新版を送って欲しい,手書きデータ,カタログ希望、情報収集,,,,,,,,,,
1049,0008000091_00399_1.jpg,,2025/4/11 11:16,通常回答,11006507,電気/電子部品,ﾕﾆｯﾄ(精密ｽﾃｰｼﾞ・ﾋﾟｴｿﾞｽﾃｰｼﾞ),ロッキングステージに興味あり,手書きデータ,カタログ希望、情報収集,IMT矢崎,検査機,3ヶ月以内,,,,,,,
1050,,,2025/4/11 11:17,通常回答,11016087,一般産業機械,アクチュエータ,アクチュエータ総合カタログ郵送希望,手書きデータ,カタログ希望、情報収集,,,,,,電動ｱｸﾁｭｴｰﾀ総合ｶﾀﾛｸﾞ / 612J,,,,
1051,0008000091_00401_1.jpg,,2025/4/11 11:19,通常回答,11005060,一般産業機械,ﾕﾆｯﾄ(精密ｽﾃｰｼﾞ・ﾋﾟｴｿﾞｽﾃｰｼﾞ),"自動車のボディー搬送装置のフローティングユニットの案件
世の中にちょうど良いフローティングユニットがない。過去にTHKで検討したことがあり、改めて検討できないかとのこと。",手書きデータ,大至急 営業訪問,金沢支店 池田佳之,,,開発（試作）,,,,,,
1052,0008000091_00402_1.jpg,,2025/4/11 11:19,通常回答,11005060,一般産業機械,ﾕﾆｯﾄ(精密ｽﾃｰｼﾞ・ﾋﾟｴｿﾞｽﾃｰｼﾞ),"自動車のボディー搬送装置のフローティングユニットの案件
世の中にちょうど良いフローティングユニットがない。過去にTHKで検討したことがあり、改めて検討できないかとのこと。",手書きデータ,大至急 営業訪問,金沢支店 池田佳之,,,開発（試作）,,,,,,
1054,0008000091_00403_1.jpg,,2025/4/11 11:20,通常回答,11498189,輸送機器（自動車等）,該当なし,"高岡改善部隊　現場要望に対して治具等製作
防塵対策興味あり",手書きデータ,説明員判断でフォローが必要,,,,,,,,,,
1055,0008000091_00404_1.jpg,0008000091_00404_2.jpg,2025/4/11 11:22,通常回答,11091650,輸送機器（自動車等）,要素部品,大型のクロスローリング、資料希望。現在構想中資料があればいただきたい。メールで対応お願いします。,手書きデータ,営業打合せ希望(客先要望),,,,,,,,,,
1057,0008000091_00405_1.jpg,0008000091_00405_2.jpg,2025/4/11 11:23,通常回答,11019146,電気/電子部品,要素部品/アクチュエータ,"電子材料が入った袋の搬送を自動化検討中。
重量30kg程。
アクチュエータを主にご紹介済み。
これから具体的設計に入られると思われますので、フォローお願い致します。",手書きデータ,営業打合せ希望(客先要望),浜松支店 武田和大,,1年以内,開発（試作）,,,,,,
1058,0008000091_00406_1.jpg,,2025/4/11 11:23,通常回答,11086712,食品/薬品/化粧品,要素部品,"6月に食品衛生法が変わるために、社内設備の部品等を検討のため来場
アイスクリーム、製造",手書きデータ,カタログ希望、情報収集,,,,,,直動総合ｶﾀﾛｸﾞ / 515J,,,,
1059,0008000091_00407_1.jpg,0008000091_00407_2.jpg,2025/4/11 11:24,通常回答,1071,一般産業機械,要素部品/新製品(RT),"減速機の設計
クロスローラーリング
組付セミナーに興味あり
",手書きデータ,営業打合せ希望(THK要望),,,,,,,,,,
1060,0008000091_00408_1.jpg,,2025/4/11 11:24,通常回答,11081019,一般産業機械,要素部品/アクチュエータ,駆動はIAIロボシリンダーが使いやすい、選定も含め多く採用している,手書きデータ,挨拶・売込み,,,,,,,,,,
1061,0008000091_00409_1.jpg,,2025/4/11 11:25,通常回答,1103073,電気/電子部品,要素部品,ヤマザキマザック向けパレットの旋回にクロスローリングを検討中。ワーク重量は1t,手書きデータ,説明員判断でフォローが必要,豊田支店,,それ以降,今回限り,,直動総合ｶﾀﾛｸﾞ / 515J,,,,ならいハンドのカタログ
1062,0008000091_00410_1.jpg,0008000091_00410_2.jpg,2025/4/11 11:31,通常回答,11018559,一般産業機械,アクチュエータ/SIGNAS,"KRの特徴をご説明。
その後、シグナスのご説明。
シグナスに関心あり。
試走などのお話をさせて頂きました。
この方は担当じゃないので、担当に声掛けしときますとのこと。
テープレスの簡易性にご興味。
担当じゃないので具体的案件としてはお持ちじゃない",手書きデータ,営業打合せ希望(THK要望),豊田支店　奥田彰郎,,,今回限り,,,,,,わ
1063,0008000091_00411_1.jpg,,2025/4/11 11:31,通常回答,11012066,その他,要素部品,"要素部品開発アイディア（案件外）
※本件は正式な案件ではなく、将来的な可能性を見据えたアイディアの記録です。

【背景】
成松さんは、乗用車における“乗り味”に関わる先進開発に取り組んでいる。
※“乗り味”とは、アクセル・ブレーキ・ハンドルなどを通じた人と車との力のやり取りに関わる感覚的な性能。

【相談内容】
成松さんより、「ボールねじにおいて、リードを途中で変えることでトルク変動を起こせないか」との相談を受けた。

【技術的見解】
この構造は実現が難しいことを説明し、成松さんにもその点はご理解いただいた。

【試作検討】
社内試作として、カム機構を用いた可変トルク機構を製作。ただし、転がり機構ではないため、耐久性に課題あり。
",手書きデータ,説明員判断でフォローが必要,,,それ以降,開発（試作）,開発要望あり,,,,,
1064,0008000091_00412_1.jpg,0008000091_00412_2.jpg,2025/4/11 11:33,通常回答,1071,一般産業機械,要素部品/アクチュエータ,ライナーユニット　4月以降に再度検討開始するとの事,手書きデータ,営業打合せ希望(THK要望),大阪支店　篠原係長,ライナーユニット,,開発（試作）,,,,,,
1065,0008000091_00413_1.jpg,,2025/4/11 11:33,通常回答,11099084,食品/薬品/化粧品,新製品(RT)/該当なし,"厨房関係の装置を開発してるメーカーさん。
洗浄機のベアリング回転ベアリング系がすぐグリスが流れてしまって破損する。それに対して何か提案をいただきたいとのことです。カタログ希望です。",手書きデータ,営業打合せ希望(THK要望)/カタログ希望、情報収集,,,,,,,,,,
1068,0008000091_00414_1.jpg,,2025/4/11 11:38,通常回答,11024080,商社,要素部品/アクチュエータ,来週、月曜のダイドーに関する挨拶,手書きデータ,挨拶・売込み,,,,,,,,,,
1071,0008000091_00415_1.jpg,,2025/4/11 11:42,通常回答,11091650,輸送機器（自動車等）,要素部品,,手書きデータ,カタログ希望、情報収集,,LINEで使用するガイドが異物で破損する。困っている。そのため、情報収集に来た。,,,,,,,,
1072,0008000091_00416_1.jpg,0008000091_00416_2.jpg,2025/4/11 11:43,通常回答,11016087,一般産業機械,アクチュエータ/VTS･GLM,"搬送系の設備設計を担当
現在IAIを使用した設備を設計中。
3軸制御をしたい為IAIで検討。
SKRの特徴、優位性説明。
必要に応じてフォローお願いします。",手書きデータ,説明員判断でフォローが必要,,,,,,,,,,
1073,,,2025/4/11 11:43,通常回答,1101106,FAロボット製造業,アクチュエータ,"情報収集のため来場。
KSFに興味あり。高速で動かせるアクチュエーターに興味あり。
カタログはお渡し済み。",手書きデータ,カタログ希望、情報収集,,,,,,,,,,
1074,0008000091_00418_1.jpg,0008000091_00418_2.jpg,2025/4/11 11:45,通常回答,11086712,その他,アクチュエータ,"KSF興味あり
カタログ配布済",手書きデータ,カタログ希望、情報収集,,,,,,,,,,
1075,0008000091_00419_1.jpg,,2025/4/11 11:47,通常回答,11090010,医療,要素部品/アクチュエータ,"シリンジ装置のメーカーとなります。
装置全体の軽量化について課題を抱えております。
LMガイドボールねじを一体化したKRについて興味を示しております。
他にシリンジユニットのカタログを紹介いただきたいです。",手書きデータ,説明員判断でフォローが必要,,,それ以降,開発（試作）,,,,,LMｶﾞｲﾄﾞｱｸﾁｭｴｰﾀ KR-RL 左右ねじ仕様 / L-68,
1076,0008000091_00420_1.jpg,,2025/4/11 11:48,通常回答,11090010,医療,要素部品/アクチュエータ,"シリンジ装置のメーカーとなります。
装置全体の軽量化について課題を抱えております。
LMガイドボールねじを一体化したKRについて興味を示しております。
他にシリンジユニットのカタログを紹介いただきたいです。",手書きデータ,説明員判断でフォローが必要,,,それ以降,開発（試作）,,,,,LMｶﾞｲﾄﾞｱｸﾁｭｴｰﾀ KR-RL 左右ねじ仕様 / L-68,
1078,0008000091_00421_1.jpg,,2025/4/11 11:51,通常回答,11090010,半導体/液晶,要素部品/新製品(SPH),"マウンター開発を担当する4名で来場いただきました、
そのうちの西田様から競合を使用しているであろう、リニアガイドに動きの引っかかりがあることを問題視しております。
8条ガイドに興味を示しておられますので、製品紹介をお願いいたします、",手書きデータ,説明員判断でフォローが必要,,,それ以降,開発（試作）,,,,,,
1080,0008000091_00422_1.jpg,0008000091_00422_2.jpg,2025/4/11 11:51,通常回答,11006507,一般産業機械,ﾕﾆｯﾄ(精密ｽﾃｰｼﾞ・ﾋﾟｴｿﾞｽﾃｰｼﾞ),高精度の調査検討中,手書きデータ,説明員判断でフォローが必要,IMT矢崎,梱包機からの発展,,,,,,,,ピエゾステージのカタログ希望
1082,0008000091_00423_1.jpg,,2025/4/11 11:54,通常回答,11005060,一般産業機械,要素部品,"搬送装置の検討をこれから行なっていく。
今まで治具の設計しかしたことがないため、選定を手伝ってほしい。",手書きデータ,営業打合せ希望(THK要望),金沢支店 池田佳之,,,,,,,,,
1084,0008000091_00424_1.jpg,,2025/4/11 11:55,通常回答,11005060,一般産業機械,要素部品,"搬送装置の検討をこれから行なっていく。
今まで治具の設計しかしたことがないため、選定を手伝ってほしい。",手書きデータ,営業打合せ希望(THK要望),金沢支店 池田佳之,,,,,,,,,
1085,0008000091_00425_1.jpg,,2025/4/11 11:55,通常回答,11005060,一般産業機械,要素部品,"搬送装置の検討をこれから行なっていく。
今まで治具の設計しかしたことがないため、選定を手伝ってほしい。",手書きデータ,営業打合せ希望(THK要望),金沢支店 池田佳之,,,,,,,,,
1086,0008000091_00426_1.jpg,,2025/4/11 11:55,通常回答,11018559,一般産業機械,アクチュエータ,"27年に立体倉庫を作る計画あり。
ラフな位置決め、安い製品を希望。
ストロークは5mとか出来たら嬉しい。
とはいえ、仕様は未定なので、出来るストローク、出来る精度を調べて、装置仕様としていくとのこと。
一度、アクチュエーター、ガイド、ねじなどの単品含めて、THK製品の商品群をご紹介させて欲しいと説明。→是非とのこと。",手書きデータ,営業打合せ希望(THK要望),豊田支店　奥田彰郎,立体倉庫,それ以降,今回限り,,,,,,
1087,0008000091_00427_1.jpg,,2025/4/11 11:55,通常回答,11005060,一般産業機械,要素部品,"搬送装置の検討をこれから行なっていく。
今まで治具の設計しかしたことがないため、選定を手伝ってほしい。",手書きデータ,営業打合せ希望(THK要望),金沢支店 池田佳之,,,,,,,,,
1088,0008000091_00428_1.jpg,,2025/4/11 11:58,通常回答,11019119,一般産業機械,アクチュエータ/SIGNAS,"エンジン向け圧力センサーの製造工程の自動化をソリューションで提案して欲しい。
製品搬送を人から自動化
ワーク70kg
リフター　AGVなどの需要あり",手書きデータ,営業打合せ希望(客先要望),,,,今回限り,,,,,,
1089,0008000091_00429_1.jpg,,2025/4/11 11:58,通常回答,11084761,一般産業機械,要素部品,総合カタログの発送を希望しています,手書きデータ,カタログ希望、情報収集,,,,,,会社案内 / 50-30/電動ｱｸﾁｭｴｰﾀ総合ｶﾀﾛｸﾞ / 612J,,,,
1091,0008000091_00430_1.jpg,,2025/4/11 12:02,通常回答,11005060,一般産業機械,要素部品,"搬送装置の検討をこれから行なっていく。
今まで治具の設計しかしたことがないため、選定を手伝ってほしい。",手書きデータ,営業打合せ希望(THK要望),金沢支店 池田佳之,,,,,,,,,
1092,0008000091_00431_1.jpg,,2025/4/11 12:03,通常回答,11093153,工作機械,要素部品,"RU 
3年程度先で小型割り出し装置構想検討。U500搭載を想定",手書きデータ,説明員判断でフォローが必要,,,それ以降,開発（試作）,,,,,,
1094,0008000091_00432_1.jpg,0008000091_00432_2.jpg,2025/4/11 12:07,通常回答,11093171,一般産業機械,該当なし,"コンテナ移載機に興味あり
カタログ化されているものはないけれど
特殊で製作することは可能と説明

お客様のイメージとしては
完成された製品と思われたようです

KRのカタログ渡し済み
",手書きデータ,説明員判断でフォローが必要,,,それ以降,今回限り,,,,,,
1097,0008000091_00433_1.jpg,,2025/4/11 12:07,通常回答,11081019,一般産業機械,要素部品/アクチュエータ,治具を作っている会社だが搬送部分も今後力を入れていく　要素部品とＫＲを紹介,手書きデータ,挨拶・売込み,,,,,,,,,,
1098,0008000091_00434_1.jpg,,2025/4/11 12:07,通常回答,11081019,一般産業機械,要素部品/アクチュエータ,治具を作っている会社だが搬送部分も今後力を入れていく　要素部品とＫＲを紹介,手書きデータ,挨拶・売込み,,,,,,,,,,
1099,0008000091_00435_1.jpg,,2025/4/11 12:08,通常回答,11081019,一般産業機械,要素部品/アクチュエータ,治具を作っている会社だが搬送部分も今後力を入れていく　要素部品とＫＲを紹介,手書きデータ,挨拶・売込み,,,,,,,,,,
1100,0008000091_00436_1.jpg,,2025/4/11 12:10,通常回答,11019119,一般産業機械,SIGNAS,agvを探されていた。,手書きデータ,説明員判断でフォローが必要,,,1年以内,今回限り,,,,,,
1101,0008000091_00437_1.jpg,,2025/4/11 12:10,通常回答,11081019,一般産業機械,要素部品/アクチュエータ,治具を作っている会社だが搬送部品も今後取り組んんでいく要素部品とＫＲを紹介,手書きデータ,挨拶・売込み,,,,,,,,,,
1103,0008000091_00438_1.jpg,,2025/4/11 12:17,通常回答,11498189,輸送機器（自動車等）,該当なし,デンソーインバーター等の設備が急に止まり仕事が薄くなってきたとの事。トヨタ全個体の設備のにも関わっている様子,手書きデータ,カタログ希望、情報収集,,,,,,,,,,
1104,0008000091_00439_1.jpg,,2025/4/11 12:18,通常回答,11003073,SIer,該当なし,,手書きデータ,挨拶・売込み,,,それ以降,,,,,,,
1105,0008000091_00440_1.jpg,,2025/4/11 12:19,通常回答,11003073,SIer,該当なし,,手書きデータ,挨拶・売込み,,,それ以降,,,,,,,
1106,0008000091_00441_1.jpg,,2025/4/11 12:20,通常回答,11018559,一般産業機械,アクチュエータ/該当なし,"左右ねじKRとPRSハンドのご紹介。
お客様はPRSを目当てにしてたとのこと。
具体的案件あり。開発案件。予算はこれから。
チューブを押し、中の接着剤などを押し出す動作にPRSを検討。
ファナックロボットにハンドを持たせる。
上記動作に対して、左右ねじKRもご紹介。
PRSハンドの試把持など、デモ機持ち込みの話もさせて頂いた",手書きデータ,営業打合せ希望(THK要望),豊田支店　奥田彰郎,,3ヶ月以内,開発（試作）,,,,,,
1107,0008000091_00442_1.jpg,,2025/4/11 12:20,通常回答,11090185,工作機械,要素部品,"工作機械の設計・開発をご担当。
既にTHK製LMガイドとその防塵オプションをご使用中。
（QZ潤滑装置や接触スクレーパLaCSなど）
防塵オプションの中で、プレートカバーを使用したこともあったが、現場での追加装着には難があり、現在は採用いただけていないとのこと。
改善点があれば、ご指摘いただきたい旨もお伝えした。
また、現場で追加装着が容易な『高耐薬フッ素シール』もご紹介させていただいた。",手書きデータ,カタログ希望、情報収集,,,,,,,,,,
1108,0008000091_00443_1.jpg,0008000091_00443_2.jpg,2025/4/11 12:21,通常回答,11016087,一般産業機械,要素部品/アクチュエータ,"情報収集の為来場。
ATG.AWG紹介。
KR左右ねじの紹介。
回転テーブルで中抜きされている製品を探しているとの事。
→様々なユニット製品の実績がある旨紹介。

",手書きデータ,カタログ希望、情報収集,,,,,,,,,,
1109,0008000091_00444_1.jpg,,2025/4/11 12:28,通常回答,11024080,一般産業機械,該当なし,"クロスローラーリングの置き換え希望
ハーモニックドライブシステムの減速機とクロスローラーリングが一緒になったユニットを使用されてる。
寿命がネックなので、クロスローラーリングのみ置き換えたい。
伸びる寿命によっては減速機も変更していい。
商品を収めてるお客さんからの搬送するものの要求が年々増えているので寿命が短くなっている。",手書きデータ,営業打合せ希望(THK要望),,置き換え,3ヶ月以内,,,,,,,
1110,0008000091_00445_1.jpg,,2025/4/11 12:29,通常回答,11003073,輸送機器（自動車等）,アクチュエータ,トヨタ車体のボデー系　改善活動を行なっている。治具の汎用化にならいハンド興味あり。,手書きデータ,カタログ希望、情報収集,豊田支店　木田さん,,1年以内,今回限り,,ﾕﾆｯﾄｿﾘｭｰｼｮﾝ総合ｶﾀﾛｸﾞ / 427-4,,,,ならいハンドカタログ希望
1122,0008000091_00446_1.jpg,,2025/4/11 12:39,通常回答,11019137,一般産業機械,アクチュエータ,以前アイシン向けに洗浄機へSKRご採用頂いたが、トラブルが多くその後どうなっているかアイシンの営業担当に聞いてみたい。,手書きデータ,説明員判断でフォローが必要,,,,,,,,,,
1125,0008000091_00447_1.jpg,,2025/4/11 12:41,通常回答,11003073,一般産業機械,アクチュエータ,,手書きデータ,挨拶・売込み,,,それ以降,,,,,,,
1130,0008000091_00448_1.jpg,,2025/4/11 12:43,通常回答,11016087,一般産業機械,SIGNAS,"搬送台車の情報収集の為来場
現状AGVやAMRなど様々な搬送台車を導入している。
搬送質量は2t〜100kgで様々
環境に応じた搬送台車を選定したく情報収集
悪路に強いのはすごくいいとの事。",手書きデータ,説明員判断でフォローが必要,,,,,,,,,,
1133,0008000091_00449_1.jpg,,2025/4/11 12:44,通常回答,11021059,工作機械,ﾕﾆｯﾄ(精密ｽﾃｰｼﾞ・ﾋﾟｴｿﾞｽﾃｰｼﾞ),"デパレタイズの検討
納入された加工部品の入った箱を手押し台車に移し替える作業を自動化したい",手書きデータ,営業打合せ希望(客先要望),小牧　當林さん,,それ以降,今回限り,,,,,,
1136,0008000091_00450_1.jpg,,2025/4/11 12:45,通常回答,11021059,工作機械,ﾕﾆｯﾄ(精密ｽﾃｰｼﾞ・ﾋﾟｴｿﾞｽﾃｰｼﾞ),"デパレタイズの検討
納入された加工部品の入った箱を手押し台車に移し替える作業を自動化したい",手書きデータ,営業打合せ希望(客先要望),小牧　當林さん,,それ以降,今回限り,,,,,,
1141,0008000091_00451_1.jpg,,2025/4/11 12:45,通常回答,11023109,輸送機器（自動車等）,SIGNAS,"停止する精度はどの程度かの確認が初めにあり、その後自動化を進めているのかを確認。
なるべく人を減らしたいと思っており、導入の検討段階。
便利な機能としてはもう少し頭を低くしたい。",手書きデータ,カタログ希望、情報収集,,,,,,,,,,
1144,0008000091_00452_1.jpg,0008000091_00452_2.jpg,2025/4/11 12:49,通常回答,"11086712
",輸送機器（自動車等）,該当なし,,手書きデータ,挨拶・売込み,,,,,,,,,,
1148,0008000091_00453_1.jpg,,2025/4/11 12:52,通常回答,11003073,輸送機器（自動車等）,PRS･TNH,ならいハンド興味あり。ワーク重量15kgぐらい。,手書きデータ,カタログ希望、情報収集,豊田支店　三浦さん,ワークの移載にならいハンド。,それ以降,,,,,,,
1149,0008000091_00454_1.jpg,,2025/4/11 12:52,通常回答,11012066,一般産業機械,アクチュエータ,"昨年SMC製の電動アクチュエーターを使った試作機を作ったとのこと。
まだ入社2年目とのことでボールねじの仕組みや各メーカーの特徴などをご説明しました。
THK製を使っていただける様に折を見てフォローいただければと思います。",手書きデータ,説明員判断でフォローが必要,,,それ以降,今回限り,,,,,,
1151,0008000091_00455_1.jpg,,2025/4/11 12:53,通常回答,11005060,一般産業機械,要素部品,新製品情報収集,手書きデータ,挨拶・売込み,,,,,,,,,,
1154,0008000091_00456_1.jpg,0008000091_00456_2.jpg,2025/4/11 12:57,通常回答,11091650,一般産業機械,アクチュエータ,KRの組み合わせ使用に興味あり,手書きデータ,カタログ希望、情報収集,,,,,,直動総合ｶﾀﾛｸﾞ / 515J/電動ｱｸﾁｭｴｰﾀ総合ｶﾀﾛｸﾞ / 612J/ﾕﾆｯﾄｿﾘｭｰｼｮﾝ総合ｶﾀﾛｸﾞ / 427-4,,,LMｶﾞｲﾄﾞｱｸﾁｭｴｰﾀ KR-RL 左右ねじ仕様 / L-68,
1160,0008000091_00457_1.jpg,0008000091_00457_2.jpg,2025/4/11 13:03,通常回答,11090185,一般産業機械,要素部品,"大型産業機械の設計・開発をご担当。
以前、分割状態で搬送せざるを得ないような大型装着で、つなぎ仕様のガイドが必要になった際、つなぎ精度がラフでも支障がない『ローロン製ホイールガイド』を使用されたことがあった。
今回、THK製の同等品があると聞いたため、確認のためご来場。
ローロン製と比較して性能差はほとんどないが、供給安定性の面でご安心いただける点をご説明した。
また、LMガイドにおいても同様にラフなつなぎ精度でも乗り移りが可能なレールがあると良いとのことで、『次世代リニア搬送システム』に使用されている『つなぎ部のゴムレール』のようなものの供給をご希望とのこと。",手書きデータ,カタログ希望、情報収集,,,,,,,,ﾕｰﾃｨﾘﾃｨｽﾗｲﾄﾞ ATG / C-06-1/Advanced Wheel Guide (AWG) / C-10-1,,
1161,0008000091_00458_1.jpg,,2025/4/11 13:04,通常回答,11012066,一般産業機械,アクチュエータ,"昨年SMC製の電動アクチュエーターを使った試作機を作ったとのこと。
まだ入社2年目とのことでボールねじの仕組みや各メーカーの特徴などをご説明しました。
THK製を使っていただける様に折を見てフォローいただければと思います。",手書きデータ,説明員判断でフォローが必要,,,それ以降,今回限り,,,,,,
1162,0008000091_00459_1.jpg,,2025/4/11 13:05,通常回答,11090010,一般産業機械,要素部品,"圧入タイプのリニアブッシュを2m／sで使用したい。
海外からメーカー名も同様の問い合わせで1m／sと解答されている様です。",手書きデータ,カタログ希望、情報収集,,,それ以降,,,,,,,
1164,0008000091_00460_1.jpg,,2025/4/11 13:09,通常回答,11015087,一般産業機械,要素部品,情報収集の為来場,手書きデータ,挨拶・売込み,,,,,,,,,,
1165,0008000091_00461_1.jpg,,2025/4/11 13:09,通常回答,11012066,半導体/液晶,SIGNAS,"SDカード製造の後工程に搬送ロボットを検討中。
パッケージされたあとなのでクリーン環境の制限はひとまず考慮せずに搬送ロボを探しているとのこと。
ロボにアームを取り付けてカゴを乗せて走るイメージ。
25年9月には発注に向けた手続きを進めたいとのこと。
提案歓迎とのことでフォローアップよろしくお願いします。",手書きデータ,営業打合せ希望(客先要望),,,6ヶ月以内,開発（試作）,,,,,,
1166,0008000091_00462_1.jpg,,2025/4/11 13:10,通常回答,11023109,その他,要素部品,車内設備的に使えるものがあるのではないかということで、見にきてくださった。,手書きデータ,挨拶・売込み,,,,,,,,,,
1168,0008000091_00463_1.jpg,0008000091_00463_2.jpg,2025/4/11 13:15,通常回答,11019146,電気/電子部品,要素部品/アクチュエータ,"カシメ装置案件あり。
シリンダー+スプラインにて検討中。
必要推力1000N程。
PCも紹介済み。",手書きデータ,営業打合せ希望(THK要望),浜松支店　武田和大,カシメ装置,3ヶ月以内,今回限り,,,,,,
1171,0008000091_00464_1.jpg,,2025/4/11 13:17,通常回答,11498189,その他,該当なし,ハンコ製造。アメリカにもハンコ需要があり関税対策について質問あり。調達の仕事も携わっており納期問題で以前は苦労したとの事。,手書きデータ,カタログ希望、情報収集,,,,,,,,,,
1175,0008000091_00465_1.jpg,,2025/4/11 13:18,通常回答,11498189,電気/電子部品,該当なし,保全関係。edge興味あり,手書きデータ,カタログ希望、情報収集,,,,,,,,,,
1180,0008000091_00466_1.jpg,,2025/4/11 13:20,通常回答,11005060,一般産業機械,アクチュエータ/ﾕﾆｯﾄ(精密ｽﾃｰｼﾞ・ﾋﾟｴｿﾞｽﾃｰｼﾞ),"名古屋で10月に開催されるMECT向けデモ機の製作をする。
XYZのユニットが欲しい。
時間がないため、至急選定をしたい",手書きデータ,大至急 営業訪問,金沢支店 池田佳之,MECT向けデモ機製作案件,3ヶ月以内,今回限り,,電動ｱｸﾁｭｴｰﾀ総合ｶﾀﾛｸﾞ / 612J/ﾕﾆｯﾄｿﾘｭｰｼｮﾝ総合ｶﾀﾛｸﾞ / 427-4,,,,
1182,0008000091_00467_1.jpg,,2025/4/11 13:20,通常回答,11021059,工作機械,ﾕﾆｯﾄ(精密ｽﾃｰｼﾞ・ﾋﾟｴｿﾞｽﾃｰｼﾞ),"デパレタイズの検討
納入された加工部品の入った箱を手押し台車に移し替える作業を自動化したい",手書きデータ,営業打合せ希望(客先要望),小牧　當林さん,,それ以降,今回限り,,,,,,
1183,0008000091_00468_1.jpg,,2025/4/11 13:20,通常回答,11005060,一般産業機械,アクチュエータ/ﾕﾆｯﾄ(精密ｽﾃｰｼﾞ・ﾋﾟｴｿﾞｽﾃｰｼﾞ),"名古屋で10月に開催されるMECT向けデモ機の製作をする。
XYZのユニットが欲しい。
時間がないため、至急選定をしたい",手書きデータ,大至急 営業訪問,金沢支店 池田佳之,MECT向けデモ機製作案件,3ヶ月以内,今回限り,,電動ｱｸﾁｭｴｰﾀ総合ｶﾀﾛｸﾞ / 612J/ﾕﾆｯﾄｿﾘｭｰｼｮﾝ総合ｶﾀﾛｸﾞ / 427-4,,,,
1184,0008000091_00469_1.jpg,,2025/4/11 13:23,通常回答,11021059,その他,SIGNAS,"川崎重工(岐阜)出向中
部品の搬送にAGV検討棚
試走のご案内",手書きデータ,営業打合せ希望(客先要望),小牧　山田さん,,それ以降,今回限り,,,,,,
1185,0008000091_00470_1.jpg,,2025/4/11 13:26,通常回答,11003073,輸送機器（自動車等）,該当なし,ボデー　シャーシ担当の保全,手書きデータ,挨拶・売込み,豊田支店　桑田さん,,それ以降,,,,,,,
1186,,,2025/4/11 13:29,通常回答,11006507,電気/電子部品,ﾕﾆｯﾄ(精密ｽﾃｰｼﾞ・ﾋﾟｴｿﾞｽﾃｰｼﾞ),オリコン。パレタイジング。カタログ一式ご要望,手書きデータ,説明員判断でフォローが必要,IMT矢崎,パレタイジング,1年以内,,,,,,,パレタイジング。オリコン一式
1187,0008000091_00472_1.jpg,,2025/4/11 13:29,通常回答,11003073,その他,該当なし,awg18の1000ストローク。装置の移動に検討。ワーク重量60kg。オザック競合,手書きデータ,カタログ希望、情報収集,,,それ以降,今回限り,,,,,,
1188,0008000091_00473_1.jpg,,2025/4/11 13:31,通常回答,1108908,一般産業機械,アクチュエータ,"色んなバンドを確認しに展示会へ来場。
ワークが重いもので対応を言われましたので、KRの左右ねじを紹介。
カタログ渡し済。",手書きデータ,説明員判断でフォローが必要,,,,,,,,,,
1189,0008000091_00474_1.jpg,,2025/4/11 13:34,通常回答,11089058,一般産業機械,アクチュエータ,"試験機でアクチュエータ興味があり。
他メーカー使用あり。
アクチュエータ総合送ってほしい。",手書きデータ,カタログ希望、情報収集,,,,,,電動ｱｸﾁｭｴｰﾀ総合ｶﾀﾛｸﾞ / 612J,,,,
1190,0008000091_00475_1.jpg,,2025/4/11 13:34,通常回答,11093153,半導体/液晶,要素部品,高真空かでスライド、現状チタン軸に銅ナットスライド、かじる。ＤLC耐久難。対応スプラインで代用できないか,手書きデータ,説明員判断でフォローが必要/カタログ希望、情報収集,,,,開発（試作）,,,,,,
1191,0008000091_00476_1.jpg,0008000091_00476_2.jpg,2025/4/11 13:36,通常回答,11024061,医療,要素部品/新製品(RT)/アクチュエータ,コンタクトレンズの製造会社。補修品でガイド等を購入することはあり。勉強のため来展。ガイド、ボールネジ、アクチュエータ紹介。,手書きデータ,挨拶・売込み,,,,,,,,,,
1192,0008000091_00477_1.jpg,,2025/4/11 13:36,通常回答,11093153,一般産業機械,要素部品,三浦さんよろしくと,手書きデータ,挨拶・売込み,小牧支店　三浦さん,,,,,,,,,
1193,0008000091_00478_1.jpg,,2025/4/11 13:37,通常回答,11023109,その他,要素部品/アクチュエータ,"ATG、AWGについてカタログを渡しました。
帰ったらすぐ見積もりを投げるとのこと。
2本仕様で、AWG18を検討されていました。

電動アクチュエータのカタログも欲しいとのことでした。",手書きデータ,説明員判断でフォローが必要/カタログ希望、情報収集,,,,,,電動ｱｸﾁｭｴｰﾀ総合ｶﾀﾛｸﾞ / 612J,,ﾕｰﾃｨﾘﾃｨｽﾗｲﾄﾞ ATG / C-06-1/Advanced Wheel Guide (AWG) / C-10-1,,
1194,0008000091_00479_1.jpg,,2025/4/11 13:38,通常回答,11093153,一般産業機械,要素部品,三浦さんよろしくと,手書きデータ,挨拶・売込み,小牧支店　三浦さん,,,,,,,,,
1196,0008000091_00480_1.jpg,,2025/4/11 13:41,通常回答,11498189,輸送機器（自動車等）,OMNIedge,"衣浦保全。edge興味あり。
ガイド破損事例やedgeセミナーを開いて欲しい。",手書きデータ,説明員判断でフォローが必要,,,,,,,,,,
1197,0008000091_00481_1.jpg,0008000091_00481_2.jpg,2025/4/11 13:42,通常回答,11091650,輸送機器（自動車等）,要素部品,"長さ5mの搬送ラインを検討中　ジェイテクトさんから連絡するそうです
",手書きデータ,説明員判断でフォローが必要,,,,,,,,,,
1198,0008000091_00482_1.jpg,0008000091_00482_2.jpg,2025/4/11 13:45,通常回答,11024061,その他,要素部品/アクチュエータ,"ブラシ等の化学製品を製造する会社。現在、新設設備の基礎検討を行なっているとのこと。検討が終わればそのうち設備にガイド等使うと思うため、来展してどんな製品あるか見学に来た。
どんな設備については確認できていないため、フォローの必要あり。",手書きデータ,営業打合せ希望(THK要望)/説明員判断でフォローが必要,豊田支店　岡和田,,3ヶ月以内,開発（試作）,開発要望あり,,,,,
1199,0008000091_00483_1.jpg,,2025/4/11 13:46,通常回答,11005060,工作機械,要素部品,atg.AWG等の紹介。,手書きデータ,挨拶・売込み,,,,,,,,,,
1200,0008000091_00484_1.jpg,,2025/4/11 13:47,通常回答,11003073,輸送機器（自動車等）,該当なし,,手書きデータ,挨拶・売込み,,,,,,,,,,
1202,,,2025/4/11 13:50,通常回答,11023109,輸送機器（自動車等）,アクチュエータ,"IMT井口さん、堀川さん開発の昇降ユニットとスルードライブが設備で使えるかも。
用途はパレットリフターなど。
ベルトだと切れる恐れがあるので、リジットで使えるのがいいかもということ。

値段を知りたいと言っていたので、価格にやっては案件につながるかも。",手書きデータ,説明員判断でフォローが必要/カタログ希望、情報収集,,,,,,,,,,
1203,0008000091_00486_1.jpg,,2025/4/11 13:51,通常回答,11099084,輸送機器（自動車等）,該当なし,動剛性測定の説明会を希望します。営業フォローお願いします。,手書きデータ,営業打合せ希望(THK要望),,,,,,,,,,
1204,0008000091_00487_1.jpg,,2025/4/11 13:51,通常回答,11099084,輸送機器（自動車等）,該当なし,動剛性測定の説明会を希望します。営業フォローお願いします。,手書きデータ,営業打合せ希望(THK要望),,,,,,,,,,
1205,0008000091_00488_1.jpg,,2025/4/11 13:51,通常回答,11124549,工作機械,要素部品,,手書きデータ,説明員判断でフォローが必要,"浜松支店松本
計算ソフトでSHSの形番が出てこないとのこと。
ガイドを壁掛けで使用する予定。",,,今回限り,,,,,,
1206,0008000091_00489_1.jpg,,2025/4/11 13:53,通常回答,11023109,その他,要素部品,"消防車の上の装置のスライドをしたいとのこと。
雨ざらしで耐食性も必要。
ATGやガイドを検討されたのでカタログをお渡しした。",手書きデータ,カタログ希望、情報収集/挨拶・売込み,,,,,,,,,,
1207,,,2025/4/11 13:53,通常回答,11019119,一般産業機械,SIGNAS,建屋間搬送でagv検討中,手書きデータ,説明員判断でフォローが必要,,,1年以内,今回限り,,,,,,
1209,0008000091_00491_1.jpg,,2025/4/11 13:55,通常回答,11012066,一般産業機械,要素部品,"微細粉塵による破損対策について

【使用状況】
お茶やコーヒーの包装機に当社のガイドが使用されている。

【課題の発生】
近年売れ筋となっている抹茶の包装機において、抹茶の微細粉塵と油分が混ざり合うことで、粉がガイド内部に侵入し、ボールを押し潰すような形で破損を引き起こすという不具合が発生している。

【対応内容】
お客様に対し、防塵対策の必要性およびその方法についてご説明を実施。

THK静岡支店から定期的に訪問していただいていたみたいなのでまた訪問をよろしくお願いします。",手書きデータ,説明員判断でフォローが必要,静岡支店　松本課長,,それ以降,今回限り,開発要望あり,,,,,
1214,0008000091_00492_1.jpg,,2025/4/11 13:58,通常回答,11124549,一般産業機械,アクチュエータ,"アクチュエーター興味あり。
IAIが多いとのこと
LMガイドNSKとTHK半々ぐらいで使用。",手書きデータ,挨拶・売込み,,,,,,,,,,
1215,0008000091_00493_1.jpg,,2025/4/11 13:59,通常回答,11023109,工作機械,要素部品,"atg、awgの検討。
あとはメンテナンスや自動化の流れのヒアリングを行い、今後の開発に活かしていきたい。
",手書きデータ,カタログ希望、情報収集/挨拶・売込み,,,,,,,,,,
1217,0008000091_00494_1.jpg,0008000091_00494_2.jpg,2025/4/11 14:01,通常回答,11086712,一般産業機械,要素部品,"情報収集のため来場
",手書きデータ,カタログ希望、情報収集,,,,,,直動総合ｶﾀﾛｸﾞ / 515J,,,,
1218,0008000091_00495_1.jpg,,2025/4/11 14:02,通常回答,1149819,その他,該当なし,マキタの製品開発ではなくて新しい事を考えていく部隊とのこと。edgeサービスを紹介,手書きデータ,カタログ希望、情報収集,,,,,,,,,,
1219,0008000091_00496_1.jpg,,2025/4/11 14:05,通常回答,85135,輸送機器（自動車等）,要素部品,"高級車用のシート開発で、検討したい。
滑らかな動きが魅力的。
AWG18-400で、いくらぐらい？
",手書きデータ,営業打合せ希望(客先要望),,,それ以降,開発（試作）,,,,,,
1220,0008000091_00497_1.jpg,,2025/4/11 14:05,通常回答,11023109,一般産業機械,要素部品,"試験設計で、手感で判断することも多いようで、ガイドよりより少しコリコリしたような感覚なのでATG、AWGがよかったとのこと。

カタログを配布した。",手書きデータ,カタログ希望、情報収集/挨拶・売込み,,,,,,,,,,
1221,0008000091_00498_1.jpg,,2025/4/11 14:06,通常回答,11090010,FAロボット製造業,要素部品,"クロスローラリングをご使用いただいておりますが、それほど剛性のいらない取り扱いやすいクロスローラリングを求められております、
クロスローラリングは同社がロボット設計にご使用いただいております",手書きデータ,カタログ希望、情報収集,,,それ以降,,,,,,,
1222,0008000091_00499_1.jpg,,2025/4/11 14:06,通常回答,11090010,FAロボット製造業,要素部品,"クロスローラリングをご使用いただいておりますが、それほど剛性のいらない取り扱いやすいクロスローラリングを求められております、
クロスローラリングは同社がロボット設計にご使用いただいております",手書きデータ,カタログ希望、情報収集,,,それ以降,,,,,,,
1223,0008000091_00500_1.jpg,,2025/4/11 14:11,通常回答,11081019,電気/電子部品,要素部品/SIGNAS,以前にAMRの販売をしておりSIGNASに興味あり、サインポイント誘導方式の場合のメリットとご理解頂きカタログチラシを希望されお渡ししました,手書きデータ,カタログ希望、情報収集/挨拶・売込み,,,,,,,,,,
1224,0008000091_00501_1.jpg,,2025/4/11 14:13,通常回答,11093153,一般産業機械,要素部品,RV減速を使ったFA設備部門。回転系が多い,手書きデータ,カタログ希望、情報収集,,,,,,,,,,
1225,0008000091_00502_1.jpg,,2025/4/11 14:14,通常回答,11089058,一般産業機械,要素部品,"タイと日本をこれから対応されるとの事。
THK使用多い。",手書きデータ,挨拶・売込み,,,,,,,,,,
1226,0008000091_00503_1.jpg,,2025/4/11 14:16,通常回答,11019119,輸送機器（自動車等）,要素部品,挨拶,手書きデータ,挨拶・売込み,,,1年以内,開発（試作）,,,,,,
1227,0008000091_00504_1.jpg,0008000091_00504_2.jpg,2025/4/11 14:17,通常回答,1071,工作機械,要素部品,"2026JIMTOF 出展機のミーティングを4月10日に開始
EV化に伴いワークは大型化するが重量は軽くなる為、小推力にて大ワークを回転させる事がコンセプトの事
RT等は認知済み",手書きデータ,営業打合せ希望(THK要望),大阪支店　寺下,,,,,,,,,
1229,0008000091_00505_1.jpg,,2025/4/11 14:20,通常回答,11005060,一般産業機械,要素部品,情報収集のみ,手書きデータ,挨拶・売込み,,,,,,,,,,
1230,0008000091_00506_1.jpg,,2025/4/11 14:21,通常回答,11021059,輸送機器（自動車等）,ﾕﾆｯﾄ(精密ｽﾃｰｼﾞ・ﾋﾟｴｿﾞｽﾃｰｼﾞ),"門型加工機にクレーンでワーク(10t)を乗せた後のアライメント
現状ハンマーで叩いて手動でアライメントしているが安全面を考慮して自動化していきたい

",手書きデータ,営業打合せ希望(客先要望),矢崎さん打ち合わせ済み,,それ以降,開発（試作）,,,,,,
1232,0008000091_00507_1.jpg,,2025/4/11 14:23,通常回答,11498189,その他,要素部品,"設計会社のシステム担当。
社内公募でメカを設計することになり色々相談にのって欲しいとのこと。簡単な搬送装置を検討しており、勉強の意味合いもありアクチュエーターは使用不可とのこと。",手書きデータ,説明員判断でフォローが必要,,,,,,,,,,
1233,0008000091_00508_1.jpg,,2025/4/11 14:23,通常回答,11093153,一般産業機械,要素部品,ローダ用長尺ガイド、いつもつなぎピッチ60ミリ（g寸法30）だが40で入ってきた。間違いの無いようしたい。客先で指示を入れる。THKでもチェック体制をつくって欲しい,手書きデータ,説明員判断でフォローが必要,,,,,,,,,,
1234,,,2025/4/11 14:23,通常回答,11023109,輸送機器（自動車等）,要素部品,"AWG、ATGに興味あり。
カタログ配布と、ヒアリングを行い、開発に役立てる。",手書きデータ,カタログ希望、情報収集/挨拶・売込み,,,,,,,,,,
1235,0008000091_00510_1.jpg,,2025/4/11 14:23,通常回答,11086712,輸送機器（自動車等）,要素部品/アクチュエータ,改善でアクチュエーターを使用するかもしれない,手書きデータ,カタログ希望、情報収集,,,,,,,,,LMｶﾞｲﾄﾞｱｸﾁｭｴｰﾀ KR-RL 左右ねじ仕様 / L-68,KRシリーズ総合カタログ発送希望
1236,0008000091_00511_1.jpg,,2025/4/11 14:23,通常回答,11016087,輸送機器（自動車等）,アクチュエータ,"シリンダータイプのアクチュエータ探しているとの事。
アクチュエーター総合カタログ希望。
ホームページでも参照可能な旨伝えた所、そちらで確認するとの事。
",手書きデータ,説明員判断でフォローが必要,,,,,,,,,,
1239,0008000091_00512_1.jpg,,2025/4/11 14:26,通常回答,11089058,商社,該当なし,"来場ご挨拶。
市場動向打合せ。",手書きデータ,挨拶・売込み,,,,,,,,,,
1240,0008000091_00513_1.jpg,,2025/4/11 14:26,通常回答,11089058,商社,該当なし,"来場ご挨拶。
市場動向打合せ。",手書きデータ,挨拶・売込み,,,,,,,,,,
1243,0008000091_00514_1.jpg,,2025/4/11 14:28,通常回答,11012066,その他,PRS･TNH,"水耕栽培における無人間引きアプリケーションの検討について

【背景】
葉物野菜の水耕栽培において、不要な葉を無人で間引くためのアプリケーションを探している。
PRSの紹介をご希望。

【対応依頼】
FA石澤さん、PRSの詳細な紹介および技術的なフォローをお願いいたします。",手書きデータ,営業打合せ希望(THK要望),,水耕栽培における無人間引きハンド,3ヶ月以内,開発（試作）,,,,,,
1244,0008000091_00515_1.jpg,,2025/4/11 14:28,通常回答,11003073,その他,要素部品,,手書きデータ,挨拶・売込み,,,,,,,,,,
1245,0008000091_00516_1.jpg,,2025/4/11 14:31,通常回答,11024061,物流（運輸/倉庫）,要素部品,搬送にガイドよく使うとのこと。駆動エアで使っているところがまだ多いとのこと。管理側としては電動化を進めたい意向はあるが、部品故障等のトラブル発生時の融通がエアの方が効くという保全の観点から中々進んでいないとのこと。トラブル時の不安解消できれば需要ある可能性あるため、追加ヒアリング必要と判断。,手書きデータ,営業打合せ希望(THK要望)/挨拶・売込み,,,,,,,,,,
1247,0008000091_00517_1.jpg,0008000091_00517_2.jpg,2025/4/11 14:37,通常回答,1071,輸送機器（自動車等）,OMNIedge,"今年より予兆保全の担当
LMガイドなどの予兆保全のアルゴニズムを検討しているが苦戦中との事
直動と回転を簡単に説明
後日、OMNI edge担当者から連絡させる事伝えています
コンタクトをお願いします

日頃、豊田支店　三浦さんと打ち合わせしているとの事(LM 要素部品)",手書きデータ,営業打合せ希望(THK要望),,,,,,,,,,
1248,,,2025/4/11 14:38,通常回答,11011067,電気/電子部品,アクチュエータ,"以前はデンソーアグリに所属、現在はデンソーに使用に所属しています。
本日は情報収集のために来場。
現在のデンソーの担当者を知らないので来場。",手書きデータ,カタログ希望、情報収集/挨拶・売込み,,,,,,,,,,
1249,0008000091_00519_1.jpg,0008000091_00519_2.jpg,2025/4/11 14:39,通常回答,11024061,その他,要素部品,自身アテンドで来展。試作機にできるだけコンパクトなアクチュエータの要望あり。KR15の最小ストロークのものの実物を見てもらい検討視野に入れるとのこと。条件としては2秒で10mmストロークさせたいとのこと。詳細後日追加ヒアリングの必要あり。,手書きデータ,説明員判断でフォローが必要,豊田支店　岡和田,,3ヶ月以内,開発（試作）,,,,,,
1250,0008000091_00520_1.jpg,,2025/4/11 14:39,通常回答,11019119,一般産業機械,要素部品,,手書きデータ,挨拶・売込み,,,,,,,,,,
1251,0008000091_00521_1.jpg,,2025/4/11 14:40,通常回答,11091650,一般産業機械,該当なし,,手書きデータ,カタログ希望、情報収集,,,,,,,,,,
1253,0008000091_00522_1.jpg,,2025/4/11 14:41,通常回答,11089058,一般産業機械,要素部品,総合カタログが新しくなっている為、送ってほしい。,手書きデータ,カタログ希望、情報収集,,,,,,直動総合ｶﾀﾛｸﾞ / 515J,,,,
1254,0008000091_00523_1.jpg,,2025/4/11 14:43,通常回答,11012066,FAロボット製造業,OMNIedge,"三菱電機のモーターの予兆保全ができても、ガイドやスピンドルなど装置一式の状態がIoT化できないといけない。
その点、OMNIedgeのなどであらゆる情報を飛ばせる様になれば普及するだろうとお考え。

",手書きデータ,カタログ希望、情報収集,,,それ以降,今回限り,,,,,,
1255,0008000091_00524_1.jpg,0008000091_00524_2.jpg,2025/4/11 14:45,通常回答,11018559,一般産業機械,PRS･TNH,"異形ワークの保持にTNHをご紹介。
その後、トークシステムブースもご紹介。
トーク経由のユニット化引き合いの可能性あり",手書きデータ,説明員判断でフォローが必要,豊田支店　奥田彰郎,,,今回限り,,,,,,
1256,0008000091_00525_1.jpg,0008000091_00525_2.jpg,2025/4/11 14:46,通常回答,11006507,電気/電子部品,ﾕﾆｯﾄ(精密ｽﾃｰｼﾞ・ﾋﾟｴｿﾞｽﾃｰｼﾞ),ピエゾステージのカタログ一式ご要望,手書きデータ,説明員判断でフォローが必要,IMT矢崎,,,,,,,,,ピエゾステージのカタログ一式ご要望
1257,0008000091_00526_1.jpg,0008000091_00526_2.jpg,2025/4/11 14:46,通常回答,11016087,輸送機器（自動車等）,アクチュエータ/ﾕﾆｯﾄ(精密ｽﾃｰｼﾞ・ﾋﾟｴｿﾞｽﾃｰｼﾞ),"シートの骨格 12kg
24kg可搬のロボットを使用
ロボット走行時検討　
質量:数百kg
速度:500mm/s
st:4000mm
位置決めは精度不要
予算200万程
設計構想の段階
発注が納期３ヶ月希望
年末連休工事で設備導入
猿投工場向けの案件

MRT紹介済み
カタログお渡し願います。

その他シャッターの案内でATG興味あり",手書きデータ,大至急 営業訪問,豊田支店　木田TL,ロボット走行軸,1年以内,今回限り,,,,,,
1260,0008000091_00527_1.jpg,,2025/4/11 14:52,通常回答,11084761,一般産業機械,要素部品,"裁断器のメーカー
ＡTＧのカタログ欲しい
AWＧカタログを持って帰った
安価で高負荷に使える案内に興味",手書きデータ,説明員判断でフォローが必要,,,,,,,,,,
1264,0008000091_00528_1.jpg,,2025/4/11 14:54,通常回答,11090010,その他,該当なし,"藤越殿の営業担当とサポートユニットに使う回転ベアリングの打ち合わせをしました。
昨日の展示会でいただいた100トンプレスのボールネジをサポートベアリングを今後打ち合わせさせていただきます。",手書きデータ,カタログ希望、情報収集,,,それ以降,,,,,,,
1265,0008000091_00529_1.jpg,,2025/4/11 14:56,通常回答,11090010,一般産業機械,要素部品,1200ミリ昇降の案内にLMガイドを使用しているが、ベースを必要としていないボールスプライン使用に興味を示されています。,手書きデータ,カタログ希望、情報収集,,,それ以降,,,,,,,
1266,0008000091_00530_1.jpg,,2025/4/11 14:57,通常回答,11016087,輸送機器（自動車等）,SIGNAS,"搬送台車情報収集中
他部署にてAMR検討しているとの事。
",手書きデータ,カタログ希望、情報収集,,,,,,,,,,
1267,0008000091_00531_1.jpg,0008000091_00531_2.jpg,2025/4/11 14:58,通常回答,11024061,工作機械,新製品(RT),ロボットにクロスローラーリングよく使うとのことでRT紹介。興味あるとのことで，担当営業から製品PRしてもらいたいとのこと。,手書きデータ,説明員判断でフォローが必要,,,3ヶ月以内,,,,,,,
1268,0008000091_00532_1.jpg,,2025/4/11 15:02,通常回答,11090185,工作機械,要素部品,"工作機械の設計・開発をご担当。
切削加工機の案内としてLMガイドはよく使用しているが、真鍮を加工された場合などにレール取付穴段差付近に切削粉が溜まり、故障の原因となることがある。
CVキャップ等で対応しているが、不十分な場合も多々あるとのこと。
　→防塵オプションとして『プレートカバー付ガイド』をご紹介した。
　　長尺品などにも対応可能なら、ご検討いただけるとのこと。
　　また、プレートカバーは特定の形番にしか装置出来ない旨もお伝えした。",手書きデータ,カタログ希望、情報収集,,,,,,,,,,
1269,0008000091_00533_1.jpg,,2025/4/11 15:03,通常回答,11003073,その他,要素部品,,手書きデータ,カタログ希望、情報収集,名古屋支店　黒田,,それ以降,今回限り,,,,,,リニアブッシュ圧入タイプ
1271,0008000091_00534_1.jpg,,2025/4/11 15:09,通常回答,11498189,輸送機器（自動車等）,アクチュエータ,特装車両に使用している油圧シリンダーを電動化したい。エンジンの近くにあり、熱が悪さをしている様子。PC等のアクチュエーターカタログが欲しいとのこと,手書きデータ,説明員判断でフォローが必要,,,,,,電動ｱｸﾁｭｴｰﾀ総合ｶﾀﾛｸﾞ / 612J,,,PC/DSP紹介ﾘｰﾌﾚｯﾄ / L-53,
1272,0008000091_00535_1.jpg,,2025/4/11 15:09,通常回答,11498189,輸送機器（自動車等）,該当なし,,手書きデータ,カタログ希望、情報収集,,,,,,,,,,
1273,0008000091_00536_1.jpg,,2025/4/11 15:10,通常回答,11498189,輸送機器（自動車等）,該当なし,,手書きデータ,カタログ希望、情報収集,,,,,,,,,,
1274,0008000091_00537_1.jpg,0008000091_00537_2.jpg,2025/4/11 15:11,通常回答,11084761,その他,SIGNAS,社内設備の自動化をテーマとして持っておられる方。シグナスの2トン仕様に興味あり、いちど意見交換をしたいとのご要望。,手書きデータ,営業打合せ希望(客先要望),FＡたけいさん,,,,,,,,,
1275,0008000091_00538_1.jpg,,2025/4/11 15:12,通常回答,11093153,工作機械,要素部品,,手書きデータ,カタログ希望、情報収集,,,,,,,,,,
1276,0008000091_00539_1.jpg,0008000091_00539_2.jpg,2025/4/11 15:13,通常回答,11011067,FAロボット製造業,該当なし,"勉強のために来場。
案件等は無し。",手書きデータ,カタログ希望、情報収集,,,,,,,,,,
1277,0008000091_00540_1.jpg,,2025/4/11 15:14,通常回答,11019119,商社,アクチュエータ,"ハーネスの耐久検査
20Nでの押し付け力を制御して検査
ロードセル込みでの提案",手書きデータ,営業打合せ希望(客先要望),小牧伊藤　,,,,,,,,,
1278,0008000091_00541_1.jpg,,2025/4/11 15:14,通常回答,11011067,FAロボット製造業,アクチュエータ,"情報収集のために来場。
特に案件等は無し。",手書きデータ,カタログ希望、情報収集/挨拶・売込み,,,,,,,,,,
1279,0008000091_00542_1.jpg,,2025/4/11 15:15,通常回答,11019119,商社,アクチュエータ,,手書きデータ,挨拶・売込み,,,,,,,,,,
1281,0008000091_00543_1.jpg,,2025/4/11 15:16,通常回答,11019119,商社,要素部品,,手書きデータ,挨拶・売込み,,,,,,,,,,
1282,0008000091_00544_1.jpg,0008000091_00544_2.jpg,2025/4/11 15:16,通常回答,11011067,FAロボット製造業,要素部品/アクチュエータ,"本日は、新人の引率のため来場。
特に案件などなし。",手書きデータ,カタログ希望、情報収集,,,,,,,,,,
1283,0008000091_00545_1.jpg,,2025/4/11 15:17,通常回答,11019119,一般産業機械,アクチュエータ,,手書きデータ,挨拶・売込み,,,,,,,,,,
1288,0008000091_00546_1.jpg,,2025/4/11 15:21,通常回答,11081019,その他,要素部品/アクチュエータ,"以前から豊田支店　横山がAGCの保全チームへＫＲフルカバータイプの標準化に取り組んでいる　東陽　碧南と豊田支店　横山でフォローしていきます


していきます",手書きデータ,挨拶・売込み,,,,,,,,,,
1289,0008000091_00547_1.jpg,,2025/4/11 15:22,通常回答,11081019,その他,要素部品/アクチュエータ,"豊田支店で開催のセミナーに参加頂いた方
横山フォローします",手書きデータ,挨拶・売込み,,,,,,,,,,
1290,0008000091_00548_1.jpg,,2025/4/11 15:22,通常回答,11081019,その他,要素部品/アクチュエータ,"豊田支店で開催のセミナーに参加頂いた方
横山フォローします",手書きデータ,挨拶・売込み,,,,,,,,,,
1291,0008000091_00549_1.jpg,,2025/4/11 15:23,通常回答,11081019,その他,要素部品/アクチュエータ,"豊田支店で開催のセミナーに参加頂いた方
横山フォローします",手書きデータ,挨拶・売込み,,,,,,,,,,
1292,0008000091_00550_1.jpg,,2025/4/11 15:23,通常回答,11005…60,一般産業機械,要素部品,"情報収集
既存設備の改良の仕事をしている。
特に困ったことはないが新しい情報があれば欲しい。",手書きデータ,挨拶・売込み,,,,,,,,,,
1293,0008000091_00551_1.jpg,,2025/4/11 15:24,通常回答,11018559,一般産業機械,SIGNAS,"シグナスに協働ロボットを載せて運用させたい。
試走をご提案。是非とのこと。
今年の重点テーマで、上手くいけば、今年中に採用。ただし、情報収集の段階でもあるため、他も物色中",手書きデータ,営業打合せ希望(客先要望),豊田支店　奥田彰郎,,1年以内,今回限り,,,,,,
1294,0008000091_00552_1.jpg,,2025/4/11 15:26,通常回答,11091650,電気/電子部品,要素部品,AHRを使用したい,手書きデータ,カタログ希望、情報収集,,,,,,,,,,
1297,0008000091_00553_1.jpg,,2025/4/11 15:33,通常回答,11016087,一般産業機械,要素部品,"情報収集の為来場
まだ入社してまもない為、勉強中
ボールねじ、すべりねじはよく使う
今後案件が出てきたら相談しますとの事。",手書きデータ,カタログ希望、情報収集,,,,,,,,,,
1298,0008000091_00554_1.jpg,0008000091_00554_2.jpg,2025/4/11 15:34,通常回答,11006507,電気/電子部品,PRS･TNH,ならいハンドに興味有り,手書きデータ,説明員判断でフォローが必要,IMT矢崎,,,,,,,,,
1300,0008000091_00555_1.jpg,,2025/4/11 15:36,通常回答,11019119,電気/電子部品,OMNIedge,,手書きデータ,挨拶・売込み,,,1年以内,,,,,,,
1301,0008000091_00556_1.jpg,,2025/4/11 15:36,通常回答,9911091650(ID1055の更新),輸送機器（自動車等）,要素部品,大型のクロスローリング、資料希望。現在構想中資料があればいただきたい。メールで対応お願いします。,手書きデータ,営業打合せ希望(客先要望),,,,,,,,,,THK-NM1（メールにて）
1302,0008000091_00557_1.jpg,,2025/4/11 15:41,通常回答,11003073,輸送機器（自動車等）,アクチュエータ,トヨタ車体　いなべ工場　今後、物流倉庫の自動化がテーマにありアクチュエーターやロボットの需要あり。機器指定にIAIあり。,手書きデータ,挨拶・売込み,豊田支店　木田さん,,,,,,,,,
1303,0008000091_00558_1.jpg,,2025/4/11 15:42,通常回答,11003073,輸送機器（自動車等）,アクチュエータ,トヨタ車体　いなべ工場　今後、物流倉庫の自動化がテーマにありアクチュエーターやロボットの需要あり。機器指定にIAIあり。,手書きデータ,挨拶・売込み,豊田支店　木田さん,,,,,,,,,
1304,0008000091_00559_1.jpg,,2025/4/11 15:45,通常回答,85135,輸送機器（自動車等）,アクチュエータ,"IAIをよく使用しているが、CKDのロボシリンダーを検討中。
KRを紹介したところ、中身の違いに驚かれた。
改めて、プレゼンしてください。",手書きデータ,営業打合せ希望(THK要望),,,,,,,,,,
1305,0008000091_00560_1.jpg,,2025/4/11 15:46,通常回答,11091650,電気/電子部品,要素部品,,手書きデータ,カタログ希望、情報収集,,,,,,,,,,
1308,0008000091_00561_1.jpg,,2025/4/11 15:49,通常回答,11021059,一般産業機械,要素部品/アクチュエータ/ﾕﾆｯﾄ(精密ｽﾃｰｼﾞ・ﾋﾟｴｿﾞｽﾃｰｼﾞ)/SIGNAS,挨拶,手書きデータ,営業打合せ希望(客先要望),名古屋支店,,,,,,,,,
1309,0008000091_00562_1.jpg,,2025/4/11 15:49,通常回答,11024080,商社,要素部品/アクチュエータ/ﾕﾆｯﾄ(精密ｽﾃｰｼﾞ・ﾋﾟｴｿﾞｽﾃｰｼﾞ),"FAと関わりあり。
アクチュエーターも取り扱いがあるとのことで名刺交換。
シグナスに興味を示されていた。",手書きデータ,挨拶・売込み,,,,,,,,,,
1311,0008000091_00563_1.jpg,,2025/4/11 15:50,通常回答,11021059,一般産業機械,要素部品/アクチュエータ/ﾕﾆｯﾄ(精密ｽﾃｰｼﾞ・ﾋﾟｴｿﾞｽﾃｰｼﾞ),挨拶,手書きデータ,営業打合せ希望(客先要望),,,,,,,,,,
1313,0008000091_00564_1.jpg,,2025/4/11 15:51,通常回答,11012066,一般産業機械,要素部品/アクチュエータ/ﾕﾆｯﾄ(精密ｽﾃｰｼﾞ・ﾋﾟｴｿﾞｽﾃｰｼﾞ),"検査装置の設計を担当。
VTS、PCなどをご紹介。
藤岡さん、定期的にフォローよろしくです。


苔庵さんは前職が株式会社安永
",手書きデータ,説明員判断でフォローが必要,名古屋　藤岡さん,,6ヶ月以内,今回限り,,,,,,
1314,0008000091_00565_1.jpg,,2025/4/11 15:54,通常回答,11012066,FAロボット製造業,該当なし,"振動測定DYNASを古澤課長からご紹介
マイクロレーザーは振動減少がタクトアップの課題になっているとのこと",手書きデータ,カタログ希望、情報収集,名古屋　芹澤,,,,,,,,,
1315,0008000091_00566_1.jpg,,2025/4/11 15:54,通常回答,11024080,一般産業機械,要素部品,"圧入機器の新部所に配属されたお客様。
押し出しに強い製品を見にきたご様子。
人手不足のため設計があまり進んでいない",手書きデータ,挨拶・売込み,,,,,,,,,,
1317,0008000091_00567_1.jpg,,2025/4/11 15:57,通常回答,11024061,輸送機器（自動車等）,アクチュエータ,トヨタ車体(本社・富士松工場)に常駐とのこと。マテハン(ワークの段積み？)でアクチュエータ検討中とのこと。追加ヒアリング必要あり。予算、今後の流れ等は不明とのこと。,手書きデータ,説明員判断でフォローが必要,,,3ヶ月以内,今回限り,,,,,,
1318,0008000091_00568_1.jpg,,2025/4/11 15:57,通常回答,11024080,一般産業機械,要素部品,"北斗株式会社営業の方と名刺交換。
海外に対して営業をかけられている。
海外では、組み付けがうまくいかず精度がうまく出ないとおっしゃられていた。",手書きデータ,挨拶・売込み,,,,,,,,,,
1319,0008000091_00569_1.jpg,,2025/4/11 15:58,通常回答,11019119,輸送機器（自動車等）,アクチュエータ,,手書きデータ,挨拶・売込み,,,,,,,,,,
1324,0008000091_00570_1.jpg,,2025/4/11 16:02,通常回答,11093153,一般産業機械,要素部品,"THK良く知っている.NSKの使用も多そう。木田さん以降の印象がうすい。
異物課題が常、NSK k1が異物強い現場認識",手書きデータ,カタログ希望、情報収集,,,,,,,,,,
1327,0008000091_00571_1.jpg,,2025/4/11 16:05,通常回答,11093153,一般産業機械,要素部品,"対セラミックでHDRカバー紹介。
防塵オプション興味あり",手書きデータ,説明員判断でフォローが必要,,,,,,,,,,HDRカタログ
1331,0008000091_00572_1.jpg,,2025/4/11 16:10,通常回答,11021059,一般産業機械,SIGNAS,"シグナス打ち合わせ希望
金型の搬送

竹井さん連絡済み",手書きデータ,営業打合せ希望(客先要望),,,,,,,,,,
1332,0008000091_00573_1.jpg,,2025/4/11 16:11,通常回答,11023109,一般産業機械,要素部品/アクチュエータ,"ユニットについてと、ATG、AWGについての説明を行った。
装置内に搭載するときは、速度とサイズにはこだわっているMBさんで、ユーザからは設計に関して使いづらいなどは言われるようです。",手書きデータ,カタログ希望、情報収集/挨拶・売込み,,,,,,,,,,
1336,0008000091_00574_1.jpg,,2025/4/11 16:14,通常回答,11023109,輸送機器（自動車等）,要素部品,"社内設備で使えそうな直動案内部品を選ぶようで、説明をした。
開発のためのヒアリングも行ったが、そこまで情報は引き出せなかった。",手書きデータ,カタログ希望、情報収集,,,,,,,,,,
1344,0008000091_00575_1.jpg,,2025/4/11 16:17,通常回答,11023109,工作機械,要素部品,"ブラザーの工作機械のドアのスライド部分に使えないかということで、ATG、AWG、標準品のスライドレールなどを検討いただきました。
実際、悩まれていて、ドアということでAWGを進めましたが、コスト的に高そうとのことでスライドレールも検討された。
より詳細に仕様を聞けば案件に繋がりそうです。
安藤さんのサポートが必要かもしれません。",手書きデータ,説明員判断でフォローが必要,,,,,,,,,,
1352,0008000091_00576_1.jpg,,2025/4/11 16:25,通常回答,11019119,一般産業機械,SIGNAS,"液体窒素の搬送
AGV検討中
予算はまだ取れていない",手書きデータ,説明員判断でフォローが必要,,,1年以内,,,,,,,
1372,0008000091_00577_1.jpg,,2025/4/11 16:36,通常回答,11124549,一般産業機械,アクチュエータ,"アクチュエーターを見ている。
IAIが多いので、価格面でメリットあれば使用したいとのことです。",手書きデータ,挨拶・売込み,,,,,,,,,,
1380,0008000091_00578_1.jpg,,2025/4/11 16:51,通常回答,"11086712
",その他,要素部品,"バステレビ格納装置
例年並みの生産予定
モデルチェンジは通常12年だが、18年使用
モデルチェンジは無いとの事",手書きデータ,挨拶・売込み,,,,,,,,,,
1383,0008000091_00579_1.jpg,,2025/4/11 16:54,通常回答,11021059,輸送機器（自動車等）,ﾕﾆｯﾄ(精密ｽﾃｰｼﾞ・ﾋﾟｴｿﾞｽﾃｰｼﾞ),"出荷前のパラタイズを将来的に導入したい
まだ構想はないためまとまり次第相談したいとのこと
ワークは小型の樹脂部品の入ったオリコン(10kg)
",手書きデータ,営業打合せ希望(客先要望),,,それ以降,今回限り,,,,,,
1384,0008000091_00580_1.jpg,0008000091_00580_2.jpg,2025/4/11 16:57,通常回答,11006507,電気/電子部品,ﾕﾆｯﾄ(精密ｽﾃｰｼﾞ・ﾋﾟｴｿﾞｽﾃｰｼﾞ),ピエゾステージのカタログ一式ご要望,手書きデータ,説明員判断でフォローが必要,IMT矢崎,,,,,,,,,ピエゾステージのカタログ一式ご要望
1386,0008000091_00581_1.jpg,,2025/4/11 17:04,通常回答,11012066,食品/薬品/化粧品,SIGNAS,"概要は説明しました。
自動搬送したい箇所がある様なのでフォローよろしくお願いします。",手書きデータ,営業打合せ希望(客先要望),,,3ヶ月以内,開発（試作）,,,,,,
1387,0008000091_00582_1.jpg,,2025/4/11 17:05,通常回答,11012066,食品/薬品/化粧品,SIGNAS,"概要は説明しました。
自動搬送したい箇所がある様なのでフォローよろしくお願いします。",手書きデータ,営業打合せ希望(客先要望),,,3ヶ月以内,開発（試作）,,,,,,
1388,0008000091_00583_1.jpg,,2025/4/11 17:31,通常回答,11021059,工作機械,ﾕﾆｯﾄ(精密ｽﾃｰｼﾞ・ﾋﾟｴｿﾞｽﾃｰｼﾞ),"デパレタイズの検討
納入された加工部品の入った箱を手押し台車に移し替える作業を自動化したい",手書きデータ,営業打合せ希望(客先要望),小牧　當林さん,,それ以降,今回限り,,,,,,
